참여자번호,브레이크유형,저감속구간 번호,저감속구간의 길이,브레이크세기,반응시간
1,A기본제동등,1,2.301,0.24119,0.257
1,A기본제동등,2,1.525,0.0,0.584
1,A기본제동등,3,1.232,0.0,0.0
1,A기본제동등,4,1.779,0.0,0.659
1,A기본제동등,5,2.983,0.0,2.061
1,A기본제동등,6,1.238,0.0,0.0
1,A기본제동등,7,2.888,0.03983,0.503
1,A기본제동등,8,1.249,0.0,0.197
1,A기본제동등,9,0.932,0.0,0.269
1,A기본제동등,10,1.248,0.0,0.237
1,A기본제동등,11,2.321,0.0,0.302
1,A기본제동등,12,2.832,0.0,2.606
1,A기본제동등,13,2.363,0.0,0.417
1,A기본제동등,14,1.767,0.0,0.619
1,A기본제동등,15,3.377,0.0,2.14
1,A기본제동등,16,2.26,0.0,0.353
1,A기본제동등,17,1.774,0.0,0.516
1,A기본제동등,18,2.724,0.0,0.286
1,A기본제동등,19,1.784,0.0,0.471
1,A기본제동등,20,0.832,0.0,0.189
1,A기본제동등,21,2.491,0.0,0.825
1,A기본제동등,22,1.917,0.0,0.333
1,A기본제동등,23,1.748,0.0,0.0
1,A기본제동등,24,1.561,0.0,0.469
1,A기본제동등,25,1.802,0.0,0.402
1,A기본제동등,26,1.367,0.0,0.436
1,B밝기변화제동등,1,2.122,0.0,0.596
1,B밝기변화제동등,2,1.769,0.0,0.0
1,B밝기변화제동등,3,1.769,0.0,0.0
1,B밝기변화제동등,4,1.379,0.0,0.0
1,B밝기변화제동등,5,2.171,0.06943,0.201
1,B밝기변화제동등,6,1.793,0.0,0.0
1,B밝기변화제동등,7,2.202,0.26739,0.231
1,B밝기변화제동등,8,1.221,0.0,0.0
1,B밝기변화제동등,9,1.223,0.0,0.521
1,B밝기변화제동등,10,1.983,0.00107,0.159
1,B밝기변화제동등,11,1.494,0.0,1.103
1,B밝기변화제동등,12,2.735,0.0,0.0
1,B밝기변화제동등,13,1.785,0.0,1.419
1,B밝기변화제동등,14,1.239,0.0,0.338
1,B밝기변화제동등,15,1.771,0.0,0.0
1,B밝기변화제동등,16,2.571,0.0,0.984
1,B밝기변화제동등,17,1.79,0.0,0.389
1,B밝기변화제동등,18,1.382,0.0,0.0
1,B밝기변화제동등,19,1.064,0.0,0.548
1,B밝기변화제동등,20,2.347,0.0,0.382
1,B밝기변화제동등,21,1.151,0.01652,0.918
1,B밝기변화제동등,22,3.458,0.0,0.664
1,B밝기변화제동등,23,1.024,0.11583,0.0
1,B밝기변화제동등,24,2.461,0.0,0.0
1,B밝기변화제동등,25,1.941,0.0,0.748
1,B밝기변화제동등,26,1.765,0.0,0.876
1,B밝기변화제동등,27,2.744,0.0,1.246
1,B밝기변화제동등,28,1.712,0.00687,1.434
1,C점멸주파수변화제동등,1,1.837,0.0881,0.545
1,C점멸주파수변화제동등,2,1.793,0.0,0.324
1,C점멸주파수변화제동등,3,1.777,0.0,0.509
1,C점멸주파수변화제동등,4,2.104,0.00356,0.509
1,C점멸주파수변화제동등,5,1.225,0.0,0.474
1,C점멸주파수변화제동등,6,2.514,0.0,1.207
1,C점멸주파수변화제동등,7,2.976,0.0,2.635
1,C점멸주파수변화제동등,8,1.781,0.0,0.315
1,C점멸주파수변화제동등,9,3.068,0.08512,0.529
1,C점멸주파수변화제동등,10,2.2,0.04007,1.236
1,C점멸주파수변화제동등,11,2.475,0.03424,0.956
1,C점멸주파수변화제동등,12,1.921,0.0,1.075
1,C점멸주파수변화제동등,13,1.779,0.0,0.403
1,C점멸주파수변화제동등,14,1.37,0.0,0.445
1,C점멸주파수변화제동등,15,2.855,0.037,0.468
1,C점멸주파수변화제동등,16,2.062,0.0,0.403
1,C점멸주파수변화제동등,17,3.3,0.0,0.0
1,C점멸주파수변화제동등,18,1.212,0.0,0.212
1,C점멸주파수변화제동등,19,1.018,0.04611,0.408
1,C점멸주파수변화제동등,20,1.235,0.0,0.198
1,C점멸주파수변화제동등,21,2.751,0.0,0.412
1,C점멸주파수변화제동등,22,1.764,0.0,0.751
1,C점멸주파수변화제동등,23,3.013,0.0,1.505
1,C점멸주파수변화제동등,24,1.223,0.0,0.559
1,C점멸주파수변화제동등,25,1.797,0.0,1.398
1,C점멸주파수변화제동등,26,2.971,0.0,1.793
1,D면적변화제동등,1,2.762,0.0,0.302
1,D면적변화제동등,2,1.769,0.0,0.398
1,D면적변화제동등,3,3.033,0.0,1.384
1,D면적변화제동등,4,1.797,0.0,0.888
1,D면적변화제동등,5,2.356,0.15497,0.074
1,D면적변화제동등,6,1.218,0.0,0.781
1,D면적변화제동등,7,2.465,0.0,2.241
1,D면적변화제동등,8,2.159,0.09563,0.075
1,D면적변화제동등,9,1.527,0.0,0.674
1,D면적변화제동등,10,1.227,0.0,0.61
1,D면적변화제동등,11,3.029,0.01296,0.809
1,D면적변화제동등,12,1.222,0.0,0.859
1,D면적변화제동등,13,1.785,0.0,1.125
1,D면적변화제동등,14,1.353,0.0,1.184
1,D면적변화제동등,15,2.945,0.14841,0.224
1,D면적변화제동등,16,2.361,0.0,0.409
1,D면적변화제동등,17,1.863,0.24762,0.447
1,D면적변화제동등,18,3.315,0.0,0.455
1,D면적변화제동등,19,1.783,0.0,0.0
1,D면적변화제동등,20,1.738,0.0,0.251
1,D면적변화제동등,21,0.961,0.0,0.517
1,D면적변화제동등,22,1.208,0.0,0.482
1,D면적변화제동등,23,1.759,0.0,0.745
1,D면적변화제동등,24,3.001,0.0,2.075
1,D면적변화제동등,25,1.358,0.06855,0.219
1,D면적변화제동등,26,2.198,0.0,0.673
2,A기본제동등,1,2.73,0.0,0.426
2,A기본제동등,2,1.783,0.0,0.0
2,A기본제동등,3,3.054,0.0,1.178
2,A기본제동등,4,1.943,0.0,0.97
2,A기본제동등,5,1.562,0.0,0.614
2,A기본제동등,6,1.752,0.0,0.412
2,A기본제동등,7,1.463,0.0,0.692
2,A기본제동등,8,1.547,0.02048,0.355
2,A기본제동등,9,1.238,0.0,0.399
2,A기본제동등,10,2.718,0.06137,0.191
2,A기본제동등,11,1.217,0.0,0.39
2,A기본제동등,12,1.943,0.03364,1.742
2,A기본제동등,13,2.342,0.0,0.508
2,A기본제동등,14,1.761,0.0,0.31
2,A기본제동등,15,1.778,0.0,0.351
2,A기본제동등,16,2.796,0.00034,0.318
2,A기본제동등,17,1.814,0.0,0.464
2,A기본제동등,18,1.189,0.0,0.219
2,A기본제동등,19,1.757,0.00031,0.072
2,A기본제동등,20,1.232,0.0,0.338
2,A기본제동등,21,1.943,0.0,0.0
2,A기본제동등,22,1.759,0.0,0.353
2,A기본제동등,23,1.396,0.0,0.428
2,A기본제동등,24,1.584,0.0,0.649
2,A기본제동등,25,2.327,0.04232,0.322
2,A기본제동등,26,1.984,0.03338,0.624
2,A기본제동등,27,3.424,0.0,0.618
2,B밝기변화제동등,1,2.721,0.10984,0.496
2,B밝기변화제동등,2,1.208,0.0,0.477
2,B밝기변화제동등,3,2.464,0.0,0.479
2,B밝기변화제동등,4,2.814,0.0,0.377
2,B밝기변화제동등,5,1.209,0.0,0.0
2,B밝기변화제동등,6,1.49,0.19315,0.0
2,B밝기변화제동등,7,1.226,0.0,0.346
2,B밝기변화제동등,8,2.766,0.0,0.191
2,B밝기변화제동등,9,1.77,0.0,0.37
2,B밝기변화제동등,10,3.077,0.0,1.378
2,B밝기변화제동등,11,1.746,0.0,0.328
2,B밝기변화제동등,12,1.483,0.0,0.644
2,B밝기변화제동등,13,1.811,0.13179,0.392
2,B밝기변화제동등,14,1.785,0.0,0.318
2,B밝기변화제동등,15,0.801,0.0,0.599
2,B밝기변화제동등,16,2.355,0.0,0.316
2,B밝기변화제동등,17,2.003,0.09378,0.47
2,B밝기변화제동등,18,4.784,0.0,1.206
2,B밝기변화제동등,19,1.24,0.0,0.0
2,B밝기변화제동등,20,1.882,0.0,0.0
2,B밝기변화제동등,21,1.845,0.07549,0.704
2,B밝기변화제동등,22,2.495,0.0,0.467
2,B밝기변화제동등,23,1.785,0.0,0.3
2,B밝기변화제동등,24,2.379,0.22653,0.645
2,B밝기변화제동등,25,1.53,0.0,0.576
2,B밝기변화제동등,26,2.352,0.12495,0.473
2,B밝기변화제동등,27,1.78,0.0,0.54
2,C점멸주파수변화제동등,1,1.77,0.1013,0.307
2,C점멸주파수변화제동등,2,1.414,0.0,0.819
2,C점멸주파수변화제동등,3,1.209,0.0,0.204
2,C점멸주파수변화제동등,4,1.752,0.0,0.345
2,C점멸주파수변화제동등,5,2.951,0.0,1.727
2,C점멸주파수변화제동등,6,2.376,0.0,0.462
2,C점멸주파수변화제동등,7,2.005,0.1764,0.615
2,C점멸주파수변화제동등,8,3.376,0.0,1.475
2,C점멸주파수변화제동등,9,2.072,0.18928,0.312
2,C점멸주파수변화제동등,10,2.314,0.0,0.379
2,C점멸주파수변화제동등,11,1.919,0.0,0.535
2,C점멸주파수변화제동등,12,1.884,0.21008,0.168
2,C점멸주파수변화제동등,13,1.234,0.0,0.312
2,C점멸주파수변화제동등,14,2.48,0.0,0.55
2,C점멸주파수변화제동등,15,1.235,0.0,0.0
2,C점멸주파수변화제동등,16,1.704,0.14448,0.288
2,C점멸주파수변화제동등,17,1.239,0.0,0.283
2,C점멸주파수변화제동등,18,1.482,0.00507,1.317
2,C점멸주파수변화제동등,19,1.561,0.0,0.548
2,C점멸주파수변화제동등,20,2.742,0.0,0.162
2,C점멸주파수변화제동등,21,1.776,0.0,0.462
2,C점멸주파수변화제동등,22,2.054,0.28597,0.072
2,C점멸주파수변화제동등,23,1.768,0.0,0.245
2,C점멸주파수변화제동등,24,1.809,0.0,0.0
2,C점멸주파수변화제동등,25,2.711,0.11629,0.702
2,C점멸주파수변화제동등,26,1.785,0.0,0.568
2,D면적변화제동등,1,1.791,0.0,0.312
2,D면적변화제동등,2,1.419,0.0,0.461
2,D면적변화제동등,3,2.357,0.0,0.792
2,D면적변화제동등,4,1.211,0.0,0.287
2,D면적변화제동등,5,1.292,0.0,0.416
2,D면적변화제동등,6,1.242,0.0,0.0
2,D면적변화제동등,7,1.806,0.0,0.0
2,D면적변화제동등,8,1.275,0.0,0.553
2,D면적변화제동등,9,1.785,0.0,1.553
2,D면적변화제동등,10,1.35,0.0,0.389
2,D면적변화제동등,11,1.765,0.0,1.013
2,D면적변화제동등,12,1.834,0.12328,0.124
2,D면적변화제동등,13,1.236,0.0,0.598
2,D면적변화제동등,14,1.786,0.0,0.407
2,D면적변화제동등,15,2.746,0.0,0.228
2,D면적변화제동등,16,1.775,0.0,0.569
2,D면적변화제동등,17,2.116,0.14183,0.641
2,D면적변화제동등,18,2.484,0.0,0.361
2,D면적변화제동등,19,1.936,0.0,0.407
2,D면적변화제동등,20,1.781,0.0,0.412
2,D면적변화제동등,21,2.295,0.19742,0.504
2,D면적변화제동등,22,1.367,0.0,0.113
2,D면적변화제동등,23,2.337,0.0,0.138
2,D면적변화제동등,24,1.913,0.0184,0.614
3,A기본제동등,1,1.227,0.0,0.0
3,A기본제동등,2,1.254,0.0,0.973
3,A기본제동등,3,1.359,0.0,0.0
3,A기본제동등,4,1.76,0.0,0.253
3,A기본제동등,5,1.359,0.0,0.08
3,A기본제동등,6,3.022,0.01321,0.739
3,A기본제동등,7,1.782,0.0,0.41
3,A기본제동등,8,1.372,0.0,0.539
3,A기본제동등,9,2.218,0.0,0.527
3,A기본제동등,10,1.771,0.0,0.0
3,A기본제동등,11,1.889,0.0,1.002
3,A기본제동등,12,2.753,0.0,0.0
3,A기본제동등,13,1.942,0.0,0.0
3,A기본제동등,14,1.476,0.09348,0.295
3,A기본제동등,15,1.802,0.0,0.0
3,A기본제동등,16,2.297,0.02161,0.824
3,A기본제동등,17,1.248,0.0,0.926
3,A기본제동등,18,2.331,0.00023,0.452
3,A기본제동등,19,1.79,0.0,0.617
3,A기본제동등,20,1.223,0.0,0.362
3,A기본제동등,21,1.95,0.0,0.202
3,A기본제동등,22,2.4,0.01451,0.279
3,A기본제동등,23,2.494,0.0,1.027
3,A기본제동등,24,1.928,0.0,0.426
3,A기본제동등,25,1.329,0.0,0.628
3,A기본제동등,26,2.2,0.0,0.869
3,B밝기변화제동등,1,0.915,0.0,0.148
3,B밝기변화제동등,2,1.498,0.0,0.0
3,B밝기변화제동등,3,2.359,0.0,0.607
3,B밝기변화제동등,4,3.394,0.0,3.192
3,B밝기변화제동등,5,1.814,0.0,0.0
3,B밝기변화제동등,6,1.38,0.0,0.951
3,B밝기변화제동등,7,2.222,0.01271,0.466
3,B밝기변화제동등,8,1.801,0.0,0.352
3,B밝기변화제동등,9,1.357,0.0,0.53
3,B밝기변화제동등,10,2.312,0.07671,0.883
3,B밝기변화제동등,11,1.207,0.0,0.387
3,B밝기변화제동등,12,3.047,0.02422,0.797
3,B밝기변화제동등,13,1.21,0.0,0.321
3,B밝기변화제동등,14,2.757,0.0,0.327
3,B밝기변화제동등,15,1.775,0.0,1.385
3,B밝기변화제동등,16,3.004,0.0,0.398
3,B밝기변화제동등,17,2.596,0.01161,0.258
3,B밝기변화제동등,18,1.229,0.0,0.0
3,B밝기변화제동등,19,1.93,0.0,0.734
3,B밝기변화제동등,20,1.77,0.0,0.0
3,B밝기변화제동등,21,1.607,0.00142,0.302
3,B밝기변화제동등,22,1.989,0.0262,0.2
3,B밝기변화제동등,23,2.624,0.0,1.349
3,B밝기변화제동등,24,1.914,0.0,0.958
3,B밝기변화제동등,25,1.981,0.00083,0.46
3,B밝기변화제동등,26,1.789,0.0,1.596
3,C점멸주파수변화제동등,1,1.181,0.0,0.576
3,C점멸주파수변화제동등,2,2.618,0.03021,0.668
3,C점멸주파수변화제동등,3,1.219,0.0,0.364
3,C점멸주파수변화제동등,4,1.237,0.0,0.447
3,C점멸주파수변화제동등,5,2.529,0.0,0.254
3,C점멸주파수변화제동등,6,1.768,0.00664,0.352
3,C점멸주파수변화제동등,7,2.352,0.06477,0.076
3,C점멸주파수변화제동등,8,1.222,0.0,0.0
3,C점멸주파수변화제동등,9,1.936,0.0,1.235
3,C점멸주파수변화제동등,10,2.344,0.0,0.312
3,C점멸주파수변화제동등,11,1.856,0.02961,1.359
3,C점멸주파수변화제동등,12,3.472,0.0,0.852
3,C점멸주파수변화제동등,13,2.751,0.0,0.0
3,C점멸주파수변화제동등,14,1.919,0.0,1.475
3,C점멸주파수변화제동등,15,2.923,0.02864,0.451
3,C점멸주파수변화제동등,16,2.34,0.0,0.532
3,C점멸주파수변화제동등,17,1.794,0.0,0.733
3,C점멸주파수변화제동등,18,2.214,0.00454,0.421
3,C점멸주파수변화제동등,19,1.529,0.0,0.0
3,C점멸주파수변화제동등,20,2.361,0.0,0.421
3,C점멸주파수변화제동등,21,1.786,0.0,0.0
3,C점멸주파수변화제동등,22,1.804,0.0,0.682
3,C점멸주파수변화제동등,23,1.77,0.0,1.318
3,C점멸주파수변화제동등,24,1.366,0.0,0.0
3,C점멸주파수변화제동등,25,1.807,0.0,0.699
3,C점멸주파수변화제동등,26,1.355,0.0,0.873
3,D면적변화제동등,1,1.221,0.0,0.801
3,D면적변화제동등,2,1.94,0.0,0.621
3,D면적변화제동등,3,1.05,0.01299,0.075
3,D면적변화제동등,4,2.458,0.0,0.571
3,D면적변화제동등,5,1.932,0.0,0.412
3,D면적변화제동등,6,1.856,0.0,1.352
3,D면적변화제동등,7,1.374,0.0,0.0
3,D면적변화제동등,8,1.931,0.0,0.0
3,D면적변화제동등,9,1.473,0.00243,0.587
3,D면적변화제동등,10,2.735,0.0,1.019
3,D면적변화제동등,11,1.928,0.0,0.385
3,D면적변화제동등,12,1.796,0.0,0.443
3,D면적변화제동등,13,1.469,0.0,0.0
3,D면적변화제동등,14,2.314,0.0065,0.781
3,D면적변화제동등,15,2.338,0.0,0.0
3,D면적변화제동등,16,1.321,0.04992,0.0
3,D면적변화제동등,17,3.305,0.0,0.383
3,D면적변화제동등,18,1.111,0.0,0.0
3,D면적변화제동등,19,1.81,0.0,0.273
3,D면적변화제동등,20,1.224,0.0,0.287
3,D면적변화제동등,21,2.327,0.0,0.475
3,D면적변화제동등,22,1.526,0.0,0.535
3,D면적변화제동등,23,1.759,0.0,0.0
4,A기본제동등,1,1.386,0.0,0.0
4,A기본제동등,2,2.183,0.0,0.167
4,A기본제동등,3,1.205,0.0,0.91
4,A기본제동등,4,1.927,0.0,0.481
4,A기본제동등,5,1.206,0.0,0.516
4,A기본제동등,6,2.587,0.22682,0.502
4,A기본제동등,7,1.232,0.0,0.0
4,A기본제동등,8,1.38,0.0,0.333
4,A기본제동등,9,1.761,0.0,0.0
4,A기본제동등,10,0.87,0.52637,0.0
4,A기본제동등,11,1.776,0.0,0.169
4,A기본제동등,12,1.338,0.0,0.0
4,A기본제동등,13,1.733,0.0,0.0
4,A기본제동등,14,1.352,0.0,0.0
4,A기본제동등,15,2.211,0.06829,1.605
4,A기본제동등,16,2.728,0.0,0.0
4,A기본제동등,17,1.943,0.0,0.827
4,A기본제동등,18,1.763,0.0,0.632
4,A기본제동등,19,2.357,0.01725,0.089
4,A기본제동등,20,3.319,0.05582,0.733
4,A기본제동등,21,1.521,0.21645,0.767
4,A기본제동등,22,1.772,0.0,0.0
4,A기본제동등,23,1.763,0.11217,0.233
4,A기본제동등,24,2.344,0.19974,0.119
4,A기본제동등,25,1.915,0.0,1.291
4,B밝기변화제동등,1,1.209,0.0,1.043
4,B밝기변화제동등,2,1.203,0.05324,0.986
4,B밝기변화제동등,3,1.352,0.0,0.81
4,B밝기변화제동등,4,1.757,0.0,0.088
4,B밝기변화제동등,5,0.97,0.1381,0.0
4,B밝기변화제동등,6,1.795,0.0,0.606
4,B밝기변화제동등,7,2.339,0.0,0.0
4,B밝기변화제동등,8,3.277,0.02874,0.483
4,B밝기변화제동등,9,2.753,0.0,0.0
4,B밝기변화제동등,10,1.903,0.0,0.0
4,B밝기변화제동등,11,1.787,0.0,0.0
4,B밝기변화제동등,12,1.383,0.0,0.0
4,B밝기변화제동등,13,2.99,0.21418,0.951
4,B밝기변화제동등,14,1.2,0.0,0.078
4,B밝기변화제동등,15,1.785,0.0,0.0
4,B밝기변화제동등,16,1.353,0.0,0.701
4,B밝기변화제동등,17,2.209,0.0,0.362
4,B밝기변화제동등,18,1.896,0.0,1.383
4,B밝기변화제동등,19,1.815,0.0,0.0
4,B밝기변화제동등,20,1.352,0.0,0.0
4,B밝기변화제동등,21,2.415,0.0,0.0
4,B밝기변화제동등,22,1.394,0.0,0.0
4,B밝기변화제동등,23,1.031,0.0,0.265
4,B밝기변화제동등,24,2.32,0.02622,0.156
4,B밝기변화제동등,25,1.786,0.0,0.73
4,C점멸주파수변화제동등,1,1.801,0.0,1.335
4,C점멸주파수변화제동등,2,1.437,0.0,1.096
4,C점멸주파수변화제동등,3,1.943,0.18705,0.883
4,C점멸주파수변화제동등,4,2.487,0.0,0.355
4,C점멸주파수변화제동등,5,1.924,0.0,1.308
4,C점멸주파수변화제동등,6,1.802,0.0,0.0
4,C점멸주파수변화제동등,7,1.8,0.0,0.0
4,C점멸주파수변화제동등,8,1.337,0.0,0.392
4,C점멸주파수변화제동등,9,1.211,0.0,0.0
4,C점멸주파수변화제동등,10,1.778,0.0,1.57
4,C점멸주파수변화제동등,11,2.965,0.0,1.975
4,C점멸주파수변화제동등,12,1.523,0.10223,0.401
4,C점멸주파수변화제동등,13,1.372,0.0,0.076
4,C점멸주파수변화제동등,14,2.489,0.0,1.053
4,C점멸주파수변화제동등,15,2.342,0.00213,0.917
4,C점멸주파수변화제동등,16,2.177,0.0,0.0
4,C점멸주파수변화제동등,17,3.378,0.0,0.607
4,C점멸주파수변화제동등,18,1.205,0.0,0.386
4,C점멸주파수변화제동등,19,1.374,0.0,0.0
4,C점멸주파수변화제동등,20,1.797,0.0,0.0
4,C점멸주파수변화제동등,21,3.087,0.19914,0.831
4,C점멸주파수변화제동등,22,2.745,0.0,0.0
4,C점멸주파수변화제동등,23,1.199,0.0,0.581
4,D면적변화제동등,1,2.756,0.0,0.447
4,D면적변화제동등,2,1.936,0.0,0.928
4,D면적변화제동등,3,1.783,0.0,0.237
4,D면적변화제동등,4,1.757,0.0,0.0
4,D면적변화제동등,5,1.374,0.0,0.0
4,D면적변화제동등,6,1.526,0.10049,0.0
4,D면적변화제동등,7,1.389,0.0,0.0
4,D면적변화제동등,8,2.34,0.0,0.0
4,D면적변화제동등,9,0.873,0.0,0.132
4,D면적변화제동등,10,3.29,0.0,0.579
4,D면적변화제동등,11,0.919,0.27265,0.0
4,D면적변화제동등,12,1.212,0.0,0.525
4,D면적변화제동등,13,2.466,0.0,0.5
4,D면적변화제동등,14,1.817,0.0,0.128
4,D면적변화제동등,15,1.225,0.0,0.331
4,D면적변화제동등,16,1.997,0.16935,1.217
4,D면적변화제동등,17,1.196,0.0,0.208
4,D면적변화제동등,18,1.659,0.0,0.632
4,D면적변화제동등,19,1.316,0.0,0.0
4,D면적변화제동등,20,2.332,0.0,0.0
4,D면적변화제동등,21,1.78,0.0,0.412
4,D면적변화제동등,22,1.78,0.0,0.425
4,D면적변화제동등,23,1.235,0.0,0.506
4,D면적변화제동등,24,1.789,0.0,0.245
4,D면적변화제동등,25,1.77,0.0,0.0
5,A기본제동등,1,1.199,0.0,0.55
5,A기본제동등,2,1.04,0.0,0.679
5,A기본제동등,3,1.213,0.0,0.213
5,A기본제동등,4,2.734,0.0,0.292
5,A기본제동등,5,1.914,0.0,0.0
5,A기본제동등,6,1.346,0.0,0.484
5,A기본제동등,7,1.249,0.0,0.476
5,A기본제동등,8,2.478,0.0,0.639
5,A기본제동등,9,1.767,0.0,0.124
5,A기본제동등,10,1.753,0.0,0.332
5,A기본제동등,11,1.37,0.0,0.322
5,A기본제동등,12,1.047,0.0,0.0
5,A기본제동등,13,0.837,0.05033,0.582
5,A기본제동등,14,2.624,0.0,0.378
5,A기본제동등,15,3.416,0.0,0.485
5,A기본제동등,16,1.779,0.0,0.445
5,A기본제동등,17,1.782,0.0,0.0
5,A기본제동등,18,1.62,0.03173,0.364
5,A기본제동등,19,1.793,0.0,0.341
5,A기본제동등,20,1.482,0.0,0.491
5,A기본제동등,21,1.008,0.0,0.0
5,B밝기변화제동등,1,1.751,0.0,0.212
5,B밝기변화제동등,2,1.779,0.0,0.0
5,B밝기변화제동등,3,1.662,0.04851,0.693
5,B밝기변화제동등,4,1.201,0.0,0.0
5,B밝기변화제동등,5,2.48,0.0,0.656
5,B밝기변화제동등,6,2.82,0.0,1.494
5,B밝기변화제동등,7,1.926,0.0,0.039
5,B밝기변화제동등,8,1.679,0.00033,0.517
5,B밝기변화제동등,9,2.73,0.0,0.448
5,B밝기변화제동등,10,1.797,0.0,0.431
5,B밝기변화제동등,11,3.036,0.0,2.214
5,B밝기변화제동등,12,1.782,0.0,0.377
5,B밝기변화제동등,13,1.352,0.0,1.164
5,B밝기변화제동등,14,1.009,0.00241,0.106
5,B밝기변화제동등,15,1.776,0.0,0.365
5,B밝기변화제동등,16,4.77,0.0,1.496
5,B밝기변화제동등,17,1.294,0.0174,0.709
5,B밝기변화제동등,18,1.516,0.0,0.636
5,B밝기변화제동등,19,1.238,0.0,0.459
5,B밝기변화제동등,20,1.229,0.0,0.359
5,B밝기변화제동등,21,1.24,0.0,0.0
5,B밝기변화제동등,22,1.789,0.0,0.634
5,B밝기변화제동등,23,1.483,0.09973,0.504
5,C점멸주파수변화제동등,1,2.755,0.0,0.762
5,C점멸주파수변화제동등,2,1.802,0.0,1.232
5,C점멸주파수변화제동등,3,3.046,0.0,1.767
5,C점멸주파수변화제동등,4,1.786,0.0,0.0
5,C점멸주파수변화제동등,5,1.385,0.0,0.527
5,C점멸주파수변화제동등,6,3.108,0.05781,0.864
5,C점멸주파수변화제동등,7,1.229,0.0,0.039
5,C점멸주파수변화제동등,8,3.067,0.02925,0.527
5,C점멸주파수변화제동등,9,1.216,0.0,0.0
5,C점멸주파수변화제동등,10,2.484,0.0,0.326
5,C점멸주파수변화제동등,11,1.757,0.0,0.04
5,C점멸주파수변화제동등,12,1.494,0.0,0.0
5,C점멸주파수변화제동등,13,1.224,0.0,0.397
5,C점멸주파수변화제동등,14,2.478,0.0,0.538
5,C점멸주파수변화제동등,15,2.628,0.0,1.127
5,C점멸주파수변화제동등,16,2.844,0.0,0.457
5,C점멸주파수변화제동등,17,1.107,0.0,0.97
5,C점멸주파수변화제동등,18,1.207,0.0,0.285
5,C점멸주파수변화제동등,19,1.762,0.0,0.482
5,C점멸주파수변화제동등,20,2.977,0.0,2.1
5,C점멸주파수변화제동등,21,1.774,0.0,0.337
5,C점멸주파수변화제동등,22,0.953,0.0,0.558
5,C점멸주파수변화제동등,23,2.344,0.0,0.335
5,C점멸주파수변화제동등,24,1.426,0.03466,0.075
5,C점멸주파수변화제동등,25,3.419,0.0,0.502
5,D면적변화제동등,1,1.217,0.0,0.37
5,D면적변화제동등,2,1.235,0.0,0.28
5,D면적변화제동등,3,1.77,0.0,0.326
5,D면적변화제동등,4,1.475,0.0,1.072
5,D면적변화제동등,5,1.807,0.0,0.42
5,D면적변화제동등,6,1.549,0.0,0.893
5,D면적변화제동등,7,2.348,0.0,0.511
5,D면적변화제동등,8,3.395,0.0,0.0
5,D면적변화제동등,9,1.796,0.0,0.0
5,D면적변화제동등,10,2.341,0.0,0.476
5,D면적변화제동등,11,1.945,0.0,0.504
5,D면적변화제동등,12,1.125,0.24549,0.0
5,D면적변화제동등,13,1.39,0.0,0.0
5,D면적변화제동등,14,1.756,0.0,0.081
5,D면적변화제동등,15,2.014,0.04451,0.5
5,D면적변화제동등,16,2.76,0.0,0.488
5,D면적변화제동등,17,1.766,0.0,0.368
5,D면적변화제동등,18,3.035,0.0,1.225
5,D면적변화제동등,19,1.755,0.06368,0.112
5,D면적변화제동등,20,1.236,0.0,0.74
5,D면적변화제동등,21,2.483,0.0,0.0
5,D면적변화제동등,22,2.802,0.0,1.303
6,A기본제동등,1,1.775,0.03442,0.493
6,A기본제동등,2,1.314,0.04433,0.757
6,A기본제동등,3,2.34,0.07977,0.25
6,A기본제동등,4,3.297,0.0,0.462
6,A기본제동등,5,1.234,0.13224,0.578
6,A기본제동등,6,1.777,0.0,0.82
6,A기본제동등,7,2.319,0.08936,0.338
6,A기본제동등,8,1.943,0.00407,1.356
6,A기본제동등,9,1.771,0.11823,0.336
6,A기본제동등,10,1.372,0.0,0.0
6,A기본제동등,11,1.214,0.0,0.0
6,A기본제동등,12,2.301,0.0,0.0
6,A기본제동등,13,1.43,0.0,0.603
6,A기본제동등,14,1.772,0.0,0.0
6,A기본제동등,15,1.337,0.00836,0.831
6,A기본제동등,16,1.768,0.0,0.557
6,A기본제동등,17,2.766,0.0,0.0
6,A기본제동등,18,2.088,0.08716,0.276
6,A기본제동등,19,1.242,0.0202,0.52
6,A기본제동등,20,1.055,0.00051,1.055
6,B밝기변화제동등,1,1.801,0.0,0.518
6,B밝기변화제동등,2,1.39,0.0,0.601
6,B밝기변화제동등,3,2.742,0.0,0.477
6,B밝기변화제동등,4,1.767,0.0,1.14
6,B밝기변화제동등,5,1.763,0.0,0.562
6,B밝기변화제동등,6,1.357,0.0,0.542
6,B밝기변화제동등,7,2.469,0.0,0.727
6,B밝기변화제동등,8,1.737,0.0,1.405
6,B밝기변화제동등,9,2.327,0.0,0.0
6,B밝기변화제동등,10,3.388,0.0,1.956
6,B밝기변화제동등,11,1.962,0.17544,0.17
6,B밝기변화제동등,12,1.44,0.0,0.615
6,B밝기변화제동등,13,1.19,0.0,0.14
6,B밝기변화제동등,14,1.216,0.0,0.055
6,B밝기변화제동등,15,1.766,0.0,0.098
6,B밝기변화제동등,16,1.486,0.0,0.0
6,B밝기변화제동등,17,2.536,0.001,2.408
6,B밝기변화제동등,18,1.934,0.0,0.622
6,C점멸주파수변화제동등,1,1.251,0.02182,0.691
6,C점멸주파수변화제동등,2,1.513,0.00683,0.426
6,C점멸주파수변화제동등,3,0.837,0.36141,0.0
6,C점멸주파수변화제동등,4,1.227,0.0,0.436
6,C점멸주파수변화제동등,5,2.497,0.0,1.164
6,C점멸주파수변화제동등,6,1.786,0.0,0.0
6,C점멸주파수변화제동등,7,1.366,0.0,0.0
6,C점멸주파수변화제동등,8,1.767,0.0,0.0
6,C점멸주파수변화제동등,9,1.361,0.0,0.0
6,C점멸주파수변화제동등,10,1.705,0.10344,0.414
6,C점멸주파수변화제동등,11,2.334,0.0,0.375
6,C점멸주파수변화제동등,12,3.271,0.0,2.485
6,C점멸주파수변화제동등,13,1.776,0.0,0.842
6,C점멸주파수변화제동등,14,1.877,0.12019,0.652
6,C점멸주파수변화제동등,15,2.86,0.0,1.533
6,C점멸주파수변화제동등,16,1.773,0.0,0.0
6,C점멸주파수변화제동등,17,1.296,0.24057,0.33
6,C점멸주파수변화제동등,18,1.791,0.0,0.0
6,C점멸주파수변화제동등,19,1.214,0.0,0.0
6,C점멸주파수변화제동등,20,1.791,0.0,0.833
6,C점멸주파수변화제동등,21,2.967,0.0,2.065
6,C점멸주파수변화제동등,22,2.476,0.0,1.871
6,C점멸주파수변화제동등,23,1.912,0.0,1.831
6,C점멸주파수변화제동등,24,1.779,0.0,0.814
6,C점멸주파수변화제동등,25,0.974,0.60185,0.151
6,D면적변화제동등,1,1.965,0.0,0.822
6,D면적변화제동등,2,1.25,0.01522,0.223
6,D면적변화제동등,3,2.467,0.0,0.69
6,D면적변화제동등,4,2.657,0.0,0.481
6,D면적변화제동등,5,1.226,0.0,0.653
6,D면적변화제동등,6,1.891,0.0,0.298
6,D면적변화제동등,7,1.51,0.0,0.62
6,D면적변화제동등,8,2.517,0.0,0.55
6,D면적변화제동등,9,1.903,0.0,0.474
6,D면적변화제동등,10,2.319,0.0,0.498
6,D면적변화제동등,11,1.315,0.0,0.658
6,D면적변화제동등,12,3.289,0.06005,0.039
6,D면적변화제동등,13,1.767,0.0,0.28
6,D면적변화제동등,14,1.785,0.0,0.0
6,D면적변화제동등,15,1.359,0.0,0.202
6,D면적변화제동등,16,1.797,0.0332,0.044
6,D면적변화제동등,17,2.733,0.0,0.0
6,D면적변화제동등,18,1.757,0.0,0.41
6,D면적변화제동등,19,3.048,0.0,2.116
6,D면적변화제동등,20,1.785,0.0,0.67
6,D면적변화제동등,21,1.481,0.0,1.038
6,D면적변화제동등,22,1.948,0.0,0.857
7,A기본제동등,1,1.342,0.0,0.815
7,A기본제동등,2,2.521,0.0,0.0
7,A기본제동등,3,1.94,0.0,0.0
7,A기본제동등,4,1.772,0.0,0.757
7,A기본제동등,5,1.387,0.0,0.821
7,A기본제동등,6,3.075,0.0,2.991
7,A기본제동등,7,1.225,0.00358,0.568
7,A기본제동등,8,1.604,0.0,1.208
7,A기본제동등,9,1.207,0.01842,0.424
7,A기본제동등,10,1.491,0.0424,0.763
7,A기본제동등,11,1.776,0.0,0.748
7,A기본제동등,12,1.814,0.0,0.668
7,A기본제동등,13,1.394,0.0,1.093
7,A기본제동등,14,1.77,0.0,0.0
7,A기본제동등,15,2.709,0.0,0.0
7,A기본제동등,16,1.743,0.0,0.0
7,A기본제동등,17,1.799,0.0,0.52
7,A기본제동등,18,1.247,0.0,0.862
7,A기본제동등,19,2.479,0.0,0.0
7,B밝기변화제동등,1,1.238,0.0,0.0
7,B밝기변화제동등,2,2.475,0.0,1.316
7,B밝기변화제동등,3,2.645,0.0,0.0
7,B밝기변화제동등,4,2.749,0.0,0.335
7,B밝기변화제동등,5,1.786,0.0,0.043
7,B밝기변화제동등,6,3.043,0.0,0.0
7,B밝기변화제동등,7,1.2,0.0,1.2
7,B밝기변화제동등,8,1.776,0.0,1.166
7,B밝기변화제동등,9,2.965,0.0,0.0
7,B밝기변화제동등,10,1.77,0.0,1.274
7,B밝기변화제동등,11,1.603,0.0,1.42
7,B밝기변화제동등,12,1.446,0.0,1.162
7,B밝기변화제동등,13,3.06,0.0,2.323
7,B밝기변화제동등,14,1.721,0.0,1.443
7,B밝기변화제동등,15,1.521,0.00193,0.782
7,B밝기변화제동등,16,2.365,0.0,0.932
7,B밝기변화제동등,17,3.48,0.0,0.0
7,B밝기변화제동등,18,1.784,0.0,0.0
7,B밝기변화제동등,19,1.196,0.0,0.889
7,B밝기변화제동등,20,1.194,0.0,0.0
7,B밝기변화제동등,21,2.493,0.08829,2.091
7,C점멸주파수변화제동등,1,2.742,0.06482,1.33
7,C점멸주파수변화제동등,2,1.799,0.0,1.655
7,C점멸주파수변화제동등,3,1.244,0.03816,0.518
7,C점멸주파수변화제동등,4,1.284,0.0,0.0
7,C점멸주파수변화제동등,5,1.208,0.0,0.527
7,C점멸주파수변화제동등,6,1.891,0.54198,0.352
7,C점멸주파수변화제동등,7,1.795,0.00834,0.435
7,C점멸주파수변화제동등,8,1.79,0.0,0.0
7,C점멸주파수변화제동등,9,2.717,0.30335,0.594
7,C점멸주파수변화제동등,10,1.198,0.0,0.0
7,C점멸주파수변화제동등,11,1.79,0.0,1.565
7,C점멸주파수변화제동등,12,2.96,0.0,1.84
7,C점멸주파수변화제동등,13,1.243,0.0,0.0
7,C점멸주파수변화제동등,14,2.473,0.0,2.473
7,C점멸주파수변화제동등,15,1.488,0.0,0.222
7,C점멸주파수변화제동등,16,2.342,0.0,0.266
7,C점멸주파수변화제동등,17,0.853,0.0,0.676
7,C점멸주파수변화제동등,18,3.44,0.0,0.948
7,C점멸주파수변화제동등,19,1.767,0.0,0.184
7,C점멸주파수변화제동등,20,1.504,0.05729,0.937
7,C점멸주파수변화제동등,21,1.762,0.0,0.4
7,C점멸주파수변화제동등,22,1.491,0.0,1.325
7,D면적변화제동등,1,2.363,0.0,0.266
7,D면적변화제동등,2,3.419,0.0,0.516
7,D면적변화제동등,3,1.737,0.0,0.655
7,D면적변화제동등,4,1.202,0.0,0.0
7,D면적변화제동등,5,2.469,0.0,0.923
7,D면적변화제동등,6,2.816,0.0,2.334
7,D면적변화제동등,7,1.742,0.0,1.52
7,D면적변화제동등,8,1.778,0.0007,0.473
7,D면적변화제동등,9,1.368,0.0,1.279
7,D면적변화제동등,10,0.879,0.0,0.0
7,D면적변화제동등,11,2.494,0.1423,0.205
7,D면적변화제동등,12,1.922,0.0,0.552
7,D면적변화제동등,13,2.828,0.0,0.0
7,D면적변화제동등,14,1.234,0.0,0.0
7,D면적변화제동등,15,1.767,0.0,1.395
7,D면적변화제동등,16,1.476,0.0,0.0
7,D면적변화제동등,17,1.425,0.0,0.583
7,D면적변화제동등,18,2.724,0.0,0.0
7,D면적변화제동등,19,1.79,0.0,0.802
7,D면적변화제동등,20,3.079,0.0,1.975
7,D면적변화제동등,21,1.257,0.0,0.525
8,A기본제동등,1,2.761,0.0,0.323
8,A기본제동등,2,1.75,0.0,0.571
8,A기본제동등,3,1.754,0.08516,0.699
8,A기본제동등,4,1.214,0.08562,0.263
8,A기본제동등,5,1.957,0.0,0.609
8,A기본제동등,6,2.957,0.0,0.134
8,A기본제동등,7,1.208,0.0,0.0
8,A기본제동등,8,2.464,0.0,1.131
8,A기본제동등,9,1.236,0.00226,0.467
8,A기본제동등,10,0.92,0.0,0.872
8,A기본제동등,11,1.256,0.0,0.195
8,A기본제동등,12,2.469,0.04458,0.586
8,A기본제동등,13,1.912,0.0,0.678
8,A기본제동등,14,1.761,0.04147,0.174
8,A기본제동등,15,1.225,0.0,0.675
8,A기본제동등,16,1.49,0.0,0.822
8,A기본제동등,17,1.786,0.0,0.0
8,A기본제동등,18,2.323,0.0,1.431
8,A기본제동등,19,3.425,0.0,0.444
8,A기본제동등,20,1.622,0.22516,0.373
8,B밝기변화제동등,1,1.512,0.0,0.589
8,B밝기변화제동등,2,1.188,0.0,0.286
8,B밝기변화제동등,3,1.925,0.0,0.592
8,B밝기변화제동등,4,2.474,0.0,0.732
8,B밝기변화제동등,5,1.922,0.0,0.0
8,B밝기변화제동등,6,1.812,0.0,0.661
8,B밝기변화제동등,7,1.772,0.0,0.594
8,B밝기변화제동등,8,1.345,0.0,0.841
8,B밝기변화제동등,9,1.778,0.0,0.0
8,B밝기변화제동등,10,1.24,0.0,0.0
8,B밝기변화제동등,11,1.857,0.08307,0.217
8,B밝기변화제동등,12,1.232,0.0,0.0
8,B밝기변화제동등,13,1.74,0.0,0.0
8,B밝기변화제동등,14,1.356,0.09023,0.895
8,B밝기변화제동등,15,2.362,0.0,0.238
8,B밝기변화제동등,16,1.049,0.0,0.0
8,B밝기변화제동등,17,3.308,0.01144,0.903
8,B밝기변화제동등,18,0.921,0.0899,0.044
8,B밝기변화제동등,19,1.76,0.00013,0.656
8,B밝기변화제동등,20,2.741,0.0,0.0
8,B밝기변화제동등,21,1.951,0.0,1.859
8,B밝기변화제동등,22,3.051,0.0,2.347
8,C점멸주파수변화제동등,1,1.738,0.0,0.092
8,C점멸주파수변화제동등,2,1.233,0.0,0.278
8,C점멸주파수변화제동등,3,1.898,0.0,0.466
8,C점멸주파수변화제동등,4,1.768,0.0,0.293
8,C점멸주파수변화제동등,5,1.365,0.0,0.0
8,C점멸주파수변화제동등,6,1.916,0.0,0.0
8,C점멸주파수변화제동등,7,1.24,0.0,0.363
8,C점멸주파수변화제동등,8,1.219,0.0,0.0
8,C점멸주파수변화제동등,9,1.775,0.01889,0.225
8,C점멸주파수변화제동등,10,1.506,0.0,0.289
8,C점멸주파수변화제동등,11,2.766,0.0,0.0
8,C점멸주파수변화제동등,12,1.753,0.0,0.137
8,C점멸주파수변화제동등,13,2.508,0.0,0.048
8,C점멸주파수변화제동등,14,1.79,0.0,0.739
8,C점멸주파수변화제동등,15,1.813,0.0,0.0
8,C점멸주파수변화제동등,16,2.353,0.17287,0.294
8,C점멸주파수변화제동등,17,1.144,0.0,0.719
8,C점멸주파수변화제동등,18,3.281,0.13692,2.265
8,C점멸주파수변화제동등,19,1.54,0.0,0.262
8,D면적변화제동등,1,0.969,0.17747,0.0
8,D면적변화제동등,2,1.243,0.0,0.368
8,D면적변화제동등,3,2.345,0.0,0.0
8,D면적변화제동등,4,1.796,0.0,0.78
8,D면적변화제동등,5,2.323,0.0,0.0
8,D면적변화제동등,6,3.294,0.02433,0.0
8,D면적변화제동등,7,1.22,0.0,0.0
8,D면적변화제동등,8,1.153,0.22829,0.0
8,D면적변화제동등,9,1.471,0.0,0.945
8,D면적변화제동등,10,2.709,0.0,0.047
8,D면적변화제동등,11,1.747,0.0,0.271
8,D면적변화제동등,12,3.069,0.0,1.219
8,D면적변화제동등,13,1.762,0.0,0.533
8,D면적변화제동등,14,1.18,0.02171,0.097
8,D면적변화제동등,15,1.747,0.0,0.563
8,D면적변화제동등,16,2.472,0.0,0.277
8,D면적변화제동등,17,1.916,0.0,1.313
8,D면적변화제동등,18,1.739,0.0,0.236
8,D면적변화제동등,19,1.539,0.0,0.278
8,D면적변화제동등,20,1.066,0.33706,0.0
8,D면적변화제동등,21,1.786,0.0,0.685
8,D면적변화제동등,22,1.21,0.0,0.485
8,D면적변화제동등,23,1.945,0.0,0.991
9,A기본제동등,1,1.227,0.12876,0.144
9,A기본제동등,2,2.235,0.1383,0.452
9,A기본제동등,3,1.531,0.06472,0.001
9,A기본제동등,4,1.782,0.17724,0.083
9,A기본제동등,5,1.27,0.03973,0.256
9,A기본제동등,6,2.485,0.04756,0.0
9,A기본제동등,7,1.752,0.1909,0.045
9,A기본제동등,8,2.314,0.13982,0.808
9,A기본제동등,9,3.264,0.11619,0.905
9,A기본제동등,10,1.776,0.0,0.1
9,A기본제동등,11,2.735,0.04296,0.403
9,A기본제동등,12,1.774,0.1288,0.591
9,A기본제동등,13,1.766,0.05188,0.536
9,A기본제동등,14,1.394,0.06728,0.494
9,A기본제동등,15,1.936,0.23345,0.833
9,A기본제동등,16,1.764,0.16854,0.232
9,A기본제동등,17,1.356,0.13814,0.792
9,A기본제동등,18,1.681,0.08726,0.42
9,A기본제동등,19,1.253,0.11587,0.866
9,A기본제동등,20,1.937,0.0787,0.967
9,A기본제동등,21,1.21,0.01492,0.0
9,A기본제동등,22,1.359,0.0,0.0
9,B밝기변화제동등,1,0.926,0.0,0.837
9,B밝기변화제동등,2,1.753,0.0,1.661
9,B밝기변화제동등,3,1.775,0.0,0.0
9,B밝기변화제동등,4,1.773,0.0,0.0
9,B밝기변화제동등,5,1.383,0.0,0.0
9,B밝기변화제동등,6,1.043,0.32003,0.298
9,B밝기변화제동등,7,2.504,0.05035,1.357
9,B밝기변화제동등,8,1.933,0.04973,1.135
9,B밝기변화제동등,9,2.738,0.0,0.0
9,B밝기변화제동등,10,1.749,0.06851,0.803
9,B밝기변화제동등,11,1.261,0.03671,1.113
9,B밝기변화제동등,12,1.18,0.06539,0.145
9,B밝기변화제동등,13,1.204,0.0,0.0
9,B밝기변화제동등,14,2.362,0.07012,0.784
9,B밝기변화제동등,15,1.792,0.0,1.516
9,B밝기변화제동등,16,1.015,0.23259,0.0
9,B밝기변화제동등,17,1.219,0.0,0.0
9,B밝기변화제동등,18,1.738,0.0,0.0
9,B밝기변화제동등,19,2.99,0.0,1.741
9,B밝기변화제동등,20,1.337,0.0,0.0
9,B밝기변화제동등,21,2.336,0.07997,0.132
9,B밝기변화제동등,22,3.29,0.06872,1.325
9,B밝기변화제동등,23,1.497,0.0,1.409
9,C점멸주파수변화제동등,1,2.181,0.22719,0.575
9,C점멸주파수변화제동등,2,2.328,0.07294,0.452
9,C점멸주파수변화제동등,3,1.925,0.10982,0.369
9,C점멸주파수변화제동등,4,2.366,0.09578,0.477
9,C점멸주파수변화제동등,5,3.28,0.03031,1.229
9,C점멸주파수변화제동등,6,1.195,0.08208,0.425
9,C점멸주파수변화제동등,7,2.525,0.06624,0.311
9,C점멸주파수변화제동등,8,2.392,0.0,0.0
9,C점멸주파수변화제동등,9,1.809,0.10758,0.846
9,C점멸주파수변화제동등,10,1.357,0.10151,0.524
9,C점멸주파수변화제동등,11,1.791,0.06355,0.952
9,C점멸주파수변화제동등,12,1.192,0.0,0.899
9,C점멸주파수변화제동등,13,1.932,0.09709,0.042
9,C점멸주파수변화제동등,14,2.837,0.04529,0.431
9,C점멸주파수변화제동등,15,2.028,0.08941,1.285
9,C점멸주파수변화제동등,16,1.737,0.0,0.0
9,C점멸주파수변화제동등,17,2.124,0.2011,0.921
9,C점멸주파수변화제동등,18,1.962,0.1895,0.001
9,C점멸주파수변화제동등,19,1.781,0.0,0.0
9,C점멸주파수변화제동등,20,1.476,0.0,0.0
9,C점멸주파수변화제동등,21,1.726,0.05639,0.852
9,D면적변화제동등,1,1.788,0.06808,0.549
9,D면적변화제동등,2,1.213,0.06536,0.531
9,D면적변화제동등,3,1.25,0.00185,0.725
9,D면적변화제동등,4,1.357,0.01098,0.679
9,D면적변화제동등,5,2.201,0.05164,0.38
9,D면적변화제동등,6,2.523,0.05814,0.621
9,D면적변화제동등,7,1.92,0.07581,1.166
9,D면적변화제동등,8,1.211,0.09891,0.582
9,D면적변화제동등,9,1.919,0.06155,0.048
9,D면적변화제동등,10,2.746,0.0527,0.097
9,D면적변화제동등,11,1.946,0.0,1.345
9,D면적변화제동등,12,2.359,0.0,0.0
9,D면적변화제동등,13,3.325,0.04914,0.954
9,D면적변화제동등,14,1.776,0.10205,0.356
9,D면적변화제동등,15,1.35,0.03321,1.117
9,D면적변화제동등,16,1.793,0.11437,0.666
9,D면적변화제동등,17,1.347,0.37628,0.372
9,D면적변화제동등,18,1.493,0.12121,0.657
9,D면적변화제동등,19,1.793,0.0,0.0
9,D면적변화제동등,20,1.771,0.0381,0.222
9,D면적변화제동등,21,1.345,0.0,0.391
10,A기본제동등,1,1.216,0.0,0.526
10,A기본제동등,2,1.508,0.0,1.162
10,A기본제동등,3,1.207,0.0,0.324
10,A기본제동등,4,2.532,0.0,0.0
10,A기본제동등,5,1.934,0.01302,0.359
10,A기본제동등,6,1.758,0.0,0.673
10,A기본제동등,7,1.452,0.0,0.674
10,A기본제동등,8,2.362,0.0,1.272
10,A기본제동등,9,1.768,0.0,0.514
10,A기본제동등,10,1.403,0.0,1.283
10,A기본제동등,11,1.785,0.0,0.534
10,A기본제동등,12,1.248,0.27481,0.085
10,A기본제동등,13,2.35,0.0,0.225
10,A기본제동등,14,3.677,0.0,0.698
10,A기본제동등,15,1.23,0.0,0.384
10,A기본제동등,16,1.812,0.0,0.778
10,A기본제동등,17,2.958,0.0,1.389
10,A기본제동등,18,1.75,0.00387,0.411
10,A기본제동등,19,1.34,0.15283,0.149
10,A기본제동등,20,1.984,0.38883,0.0
10,A기본제동등,21,1.222,0.0,0.708
10,A기본제동등,22,2.454,0.0,1.028
10,B밝기변화제동등,1,1.777,0.0,0.316
10,B밝기변화제동등,2,1.381,0.0,0.0
10,B밝기변화제동등,3,2.112,0.0,0.0
10,B밝기변화제동등,4,3.428,0.0,1.342
10,B밝기변화제동등,5,1.15,0.14447,0.225
10,B밝기변화제동등,6,2.34,0.01784,1.369
10,B밝기변화제동등,7,1.937,0.0,0.565
10,B밝기변화제동등,8,1.732,0.0,0.517
10,B밝기변화제동등,9,0.994,0.0,0.517
10,B밝기변화제동등,10,2.751,0.0,0.0
10,B밝기변화제동등,11,1.795,0.0,0.916
10,B밝기변화제동등,12,3.053,0.0,1.742
10,B밝기변화제동등,13,1.767,0.00451,0.291
10,B밝기변화제동등,14,1.221,0.0,0.744
10,B밝기변화제동등,15,3.068,0.02351,0.756
10,B밝기변화제동등,16,1.364,0.0,0.0
10,B밝기변화제동등,17,1.79,0.05751,0.166
10,B밝기변화제동등,18,2.37,0.27302,0.482
10,B밝기변화제동등,19,1.219,0.0,0.412
10,B밝기변화제동등,20,2.477,0.0,0.796
10,B밝기변화제동등,21,2.613,0.0,0.949
10,B밝기변화제동등,22,1.247,0.00619,0.202
10,B밝기변화제동등,23,1.501,0.11242,0.271
10,C점멸주파수변화제동등,1,1.203,0.00076,0.388
10,C점멸주파수변화제동등,2,1.228,0.0,0.557
10,C점멸주파수변화제동등,3,1.223,0.0,0.0
10,C점멸주파수변화제동등,4,1.774,0.0,1.344
10,C점멸주파수변화제동등,5,2.969,0.0,1.759
10,C점멸주파수변화제동등,6,1.774,0.07581,0.331
10,C점멸주파수변화제동등,7,1.421,0.0,0.792
10,C점멸주파수변화제동등,8,2.748,0.0,0.0
10,C점멸주파수변화제동등,9,1.774,0.0,0.0
10,C점멸주파수변화제동등,10,3.075,0.0,1.253
10,C점멸주파수변화제동등,11,1.783,0.02047,0.358
10,C점멸주파수변화제동등,12,1.801,0.0,0.83
10,C점멸주파수변화제동등,13,1.062,0.11061,0.0
10,C점멸주파수변화제동등,14,1.646,0.2909,0.231
10,C점멸주파수변화제동등,15,1.224,0.0,0.467
10,C점멸주파수변화제동등,16,2.409,0.0,0.0
10,C점멸주파수변화제동등,17,2.367,0.0,0.0
10,C점멸주파수변화제동등,18,3.428,0.0,0.919
10,C점멸주파수변화제동등,19,2.303,0.01541,0.116
10,C점멸주파수변화제동등,20,1.912,0.07475,0.157
10,D면적변화제동등,1,1.183,0.0,0.522
10,D면적변화제동등,2,1.788,0.0,0.48
10,D면적변화제동등,3,2.962,0.0,1.417
10,D면적변화제동등,4,1.336,0.26211,0.366
10,D면적변화제동등,5,1.694,0.06594,0.284
10,D면적변화제동등,6,1.223,0.0,0.662
10,D면적변화제동등,7,2.333,0.0,0.0
10,D면적변화제동등,8,2.356,0.04725,0.514
10,D면적변화제동등,9,1.788,0.29333,0.642
10,D면적변화제동등,10,2.751,0.0,0.714
10,D면적변화제동등,11,1.773,0.0,1.291
10,D면적변화제동등,12,1.807,0.0,0.556
10,D면적변화제동등,13,1.497,0.0,0.901
10,D면적변화제동등,14,1.223,0.0,0.851
10,D면적변화제동등,15,1.476,0.0,0.0
10,D면적변화제동등,16,2.332,0.0,0.39
10,D면적변화제동등,17,1.5,0.00407,0.879
10,D면적변화제동등,18,3.41,0.00109,1.69
10,D면적변화제동등,19,1.8,0.0,0.0
10,D면적변화제동등,20,1.808,0.0,0.82
10,D면적변화제동등,21,1.79,0.0,0.572
10,D면적변화제동등,22,1.403,0.0,0.758
11,A기본제동등,1,1.236,0.0,0.157
11,A기본제동등,2,2.477,0.0,0.511
11,A기본제동등,3,2.803,0.0,1.682
11,A기본제동등,4,1.342,0.0,0.374
11,A기본제동등,5,1.78,0.0,0.218
11,A기본제동등,6,1.383,0.0,0.496
11,A기본제동등,7,1.657,0.14893,0.408
11,A기본제동등,8,1.784,0.0,0.233
11,A기본제동등,9,2.204,0.08242,0.424
11,A기본제동등,10,2.756,0.0,0.553
11,A기본제동등,11,1.793,0.0,0.284
11,A기본제동등,12,3.05,0.0,2.557
11,A기본제동등,13,1.225,0.0,0.0
11,A기본제동등,14,3.035,0.01645,0.601
11,A기본제동등,15,1.249,0.0,0.258
11,A기본제동등,16,2.576,0.0,0.596
11,A기본제동등,17,3.439,0.0,2.975
11,A기본제동등,18,1.052,0.00202,1.014
11,A기본제동등,19,1.785,0.04858,0.201
11,A기본제동등,20,1.849,0.11976,0.213
11,A기본제동등,21,2.521,0.0,0.111
11,A기본제동등,22,2.084,0.0,0.358
11,A기본제동등,23,1.752,0.18979,0.259
11,A기본제동등,24,1.486,0.01141,0.658
11,B밝기변화제동등,1,2.75,0.0,0.907
11,B밝기변화제동등,2,1.798,0.0,0.365
11,B밝기변화제동등,3,3.061,0.0,1.358
11,B밝기변화제동등,4,1.791,0.0,0.318
11,B밝기변화제동등,5,1.807,0.0,0.244
11,B밝기변화제동등,6,1.444,0.0,0.402
11,B밝기변화제동등,7,0.876,0.29959,0.0
11,B밝기변화제동등,8,2.478,0.0,0.156
11,B밝기변화제동등,9,1.795,0.0,0.229
11,B밝기변화제동등,10,1.214,0.0,0.0
11,B밝기변화제동등,11,2.336,0.0,0.287
11,B밝기변화제동등,12,2.836,0.0,1.696
11,B밝기변화제동등,13,1.78,0.0,0.5
11,B밝기변화제동등,14,2.857,0.0,0.46
11,B밝기변화제동등,15,3.479,0.0,1.323
11,B밝기변화제동등,16,1.766,0.0,0.193
11,B밝기변화제동등,17,1.403,0.0,0.319
11,B밝기변화제동등,18,1.228,0.0,0.396
11,B밝기변화제동등,19,3.076,0.07579,0.568
11,B밝기변화제동등,20,1.202,0.0,0.263
11,C점멸주파수변화제동등,1,2.754,0.0,0.709
11,C점멸주파수변화제동등,2,1.781,0.0,0.395
11,C점멸주파수변화제동등,3,1.779,0.0,0.493
11,C점멸주파수변화제동등,4,1.566,0.20063,0.269
11,C점멸주파수변화제동등,5,2.481,0.0,0.414
11,C점멸주파수변화제동등,6,1.923,0.0,0.564
11,C점멸주파수변화제동등,7,1.515,0.0,0.573
11,C점멸주파수변화제동등,8,1.221,0.0,0.537
11,C점멸주파수변화제동등,9,1.796,0.0,0.447
11,C점멸주파수변화제동등,10,1.807,0.0,0.365
11,C점멸주파수변화제동등,11,1.211,0.0,0.0
11,C점멸주파수변화제동등,12,1.551,0.0,0.437
11,C점멸주파수변화제동등,13,1.225,0.0,0.336
11,C점멸주파수변화제동등,14,1.793,0.0,0.405
11,C점멸주파수변화제동등,15,1.363,0.0,0.226
11,C점멸주파수변화제동등,16,1.05,0.0,0.7
11,C점멸주파수변화제동등,17,1.206,0.0,0.444
11,C점멸주파수변화제동등,18,2.316,0.0,0.403
11,C점멸주파수변화제동등,19,1.773,0.0,0.249
11,C점멸주파수변화제동등,20,0.849,0.0,0.498
11,C점멸주파수변화제동등,21,1.756,0.0,0.535
11,C점멸주파수변화제동등,22,1.444,0.0,0.695
11,D면적변화제동등,1,1.748,0.0,0.51
11,D면적변화제동등,2,1.773,0.0,0.558
11,D면적변화제동등,3,2.361,0.0,0.067
11,D면적변화제동등,4,0.858,0.12009,0.358
11,D면적변화제동등,5,3.402,0.0,0.118
11,D면적변화제동등,6,1.205,0.0,0.464
11,D면적변화제동등,7,2.48,0.0,0.471
11,D면적변화제동등,8,2.815,0.0,0.793
11,D면적변화제동등,9,1.787,0.0,0.21
11,D면적변화제동등,10,1.753,0.0,0.297
11,D면적변화제동등,11,1.476,0.0,0.444
11,D면적변화제동등,12,2.472,0.0,1.503
11,D면적변화제동등,13,3.071,0.0,3.03
11,D면적변화제동등,14,2.807,0.03608,0.624
11,D면적변화제동등,15,1.365,0.0,0.0
11,D면적변화제동등,16,1.237,0.0,0.235
11,D면적변화제동등,17,1.228,0.0,0.717
11,D면적변화제동등,18,2.763,0.0,0.294
11,D면적변화제동등,19,1.817,0.0,0.519
11,D면적변화제동등,20,3.028,0.0,1.155
12,A기본제동등,1,1.056,0.0,0.782
12,A기본제동등,2,1.218,0.0,0.594
12,A기본제동등,3,2.322,0.0,0.516
12,A기본제동등,4,1.794,0.0,0.0
12,A기본제동등,5,1.37,0.03195,0.315
12,A기본제동등,6,1.804,0.0,0.589
12,A기본제동등,7,1.518,0.05444,0.862
12,A기본제동등,8,1.366,0.0,0.608
12,A기본제동등,9,1.794,0.06593,0.429
12,A기본제동등,10,1.477,0.0,0.692
12,A기본제동등,11,1.214,0.0,1.214
12,A기본제동등,12,1.913,0.0,1.103
12,A기본제동등,13,2.753,0.0,0.0
12,A기본제동등,14,1.805,0.0,0.544
12,A기본제동등,15,1.247,0.0,0.417
12,A기본제동등,16,1.241,0.0,0.49
12,A기본제동등,17,1.777,0.0,0.842
12,A기본제동등,18,1.774,0.01068,0.404
12,A기본제동등,19,2.336,0.03174,0.369
12,A기본제동등,20,1.461,0.18015,0.075
12,A기본제동등,21,3.597,0.0508,0.801
12,A기본제동등,22,1.665,0.08528,0.546
12,B밝기변화제동등,1,2.749,0.0,0.683
12,B밝기변화제동등,2,1.803,0.0,0.953
12,B밝기변화제동등,3,1.201,0.0,0.547
12,B밝기변화제동등,4,1.789,0.0,1.667
12,B밝기변화제동등,5,1.806,0.0,0.468
12,B밝기변화제동등,6,1.45,0.0,1.086
12,B밝기변화제동등,7,2.306,0.0,0.891
12,B밝기변화제동등,8,1.92,0.0,0.768
12,B밝기변화제동등,9,1.793,0.0,0.688
12,B밝기변화제동등,10,1.213,0.0,1.17
12,B밝기변화제동등,11,2.233,0.21347,0.312
12,B밝기변화제동등,12,1.369,0.0,0.775
12,B밝기변화제동등,13,1.247,0.0,0.0
12,B밝기변화제동등,14,1.576,0.0,0.0
12,B밝기변화제동등,15,1.209,0.0,0.741
12,B밝기변화제동등,16,2.33,0.0,0.598
12,B밝기변화제동등,17,2.35,0.0,0.525
12,B밝기변화제동등,18,3.474,0.0,0.977
12,B밝기변화제동등,19,1.765,0.0,0.94
12,B밝기변화제동등,20,1.783,0.0,0.707
12,C점멸주파수변화제동등,1,1.237,0.0,0.7
12,C점멸주파수변화제동등,2,1.219,0.0,0.609
12,C점멸주파수변화제동등,3,1.762,0.0,0.244
12,C점멸주파수변화제동등,4,1.4,0.0,0.562
12,C점멸주파수변화제동등,5,2.314,0.13872,0.337
12,C점멸주파수변화제동등,6,2.363,0.0,0.298
12,C점멸주파수변화제동등,7,3.456,0.0,1.165
12,C점멸주파수변화제동등,8,1.361,0.0,1.095
12,C점멸주파수변화제동등,9,1.217,0.0,0.0
12,C점멸주파수변화제동등,10,1.947,0.0,0.543
12,C점멸주파수변화제동등,11,2.732,0.0,0.319
12,C점멸주파수변화제동등,12,1.797,0.0,0.942
12,C점멸주파수변화제동등,13,1.783,0.0,0.0
12,C점멸주파수변화제동등,14,4.28,0.0,0.727
12,C점멸주파수변화제동등,15,2.463,0.0,0.691
12,C점멸주파수변화제동등,16,1.908,0.0,1.007
12,C점멸주파수변화제동등,17,1.761,0.0,0.241
12,C점멸주파수변화제동등,18,1.793,0.0,0.0
12,C점멸주파수변화제동등,19,2.511,0.20929,0.263
12,C점멸주파수변화제동등,20,1.24,0.0,0.0
12,D면적변화제동등,1,1.752,0.00947,0.456
12,D면적변화제동등,2,1.781,0.0,0.474
12,D면적변화제동등,3,1.495,0.0,0.686
12,D면적변화제동등,4,0.869,0.0,0.0
12,D면적변화제동등,5,1.779,0.0,0.472
12,D면적변화제동등,6,1.387,0.0,0.49
12,D면적변화제동등,7,1.742,0.0,0.347
12,D면적변화제동등,8,1.218,0.0,0.54
12,D면적변화제동등,9,2.483,0.0,0.572
12,D면적변화제동등,10,2.629,0.0,1.541
12,D면적변화제동등,11,2.382,0.0,0.423
12,D면적변화제동등,12,3.308,0.0,0.637
12,D면적변화제동등,13,2.327,0.0,0.0
12,D면적변화제동등,14,1.773,0.00643,0.157
12,D면적변화제동등,15,1.774,0.0,0.327
12,D면적변화제동등,16,1.767,0.0,0.547
12,D면적변화제동등,17,1.376,0.0,0.733
12,D면적변화제동등,18,0.835,0.0,0.451
12,D면적변화제동등,19,2.772,0.0,0.76
12,D면적변화제동등,20,1.751,0.0,0.62
12,D면적변화제동등,21,1.294,0.21588,0.038
13,A기본제동등,1,1.788,0.0,0.0
13,A기본제동등,2,1.37,0.03853,0.348
13,A기본제동등,3,1.77,0.0,0.321
13,A기본제동등,4,1.385,0.18761,0.447
13,A기본제동등,5,1.76,0.0,0.492
13,A기본제동등,6,1.774,0.0,0.206
13,A기본제동등,7,2.36,0.0,0.0
13,A기본제동등,8,3.28,0.0,1.02
13,A기본제동등,9,1.217,0.00314,0.362
13,A기본제동등,10,1.352,0.26508,0.462
13,A기본제동등,11,2.857,0.00393,0.472
13,A기본제동등,12,1.918,0.0,1.162
13,A기본제동등,13,1.975,0.0,0.0
13,B밝기변화제동등,1,2.74,0.0,0.469
13,B밝기변화제동등,2,1.787,0.0,1.398
13,B밝기변화제동등,3,3.098,0.0,1.544
13,B밝기변화제동등,4,2.512,0.01353,0.045
13,B밝기변화제동등,5,1.92,0.0,1.18
13,B밝기변화제동등,6,2.376,0.0,1.202
13,B밝기변화제동등,7,1.288,0.0,0.0
13,B밝기변화제동등,8,3.295,0.0299,0.161
13,B밝기변화제동등,9,1.781,0.0,1.657
13,B밝기변화제동등,10,1.851,0.13463,0.341
13,B밝기변화제동등,11,1.248,0.0,0.0
13,B밝기변화제동등,12,1.361,0.0,0.0
13,B밝기변화제동등,13,1.78,0.0,0.611
13,B밝기변화제동등,14,1.466,0.0,0.591
13,B밝기변화제동등,15,1.814,0.0,0.925
13,B밝기변화제동등,16,1.227,0.0,0.563
13,B밝기변화제동등,17,1.775,0.0,0.0
13,B밝기변화제동등,18,1.226,0.0,0.0
13,B밝기변화제동등,19,2.462,0.0,0.0
13,B밝기변화제동등,20,2.814,0.0,1.138
13,B밝기변화제동등,21,1.808,0.0,0.428
13,B밝기변화제동등,22,1.936,0.26358,0.11
13,B밝기변화제동등,23,1.913,0.0,0.503
13,C점멸주파수변화제동등,1,1.76,0.0,0.602
13,C점멸주파수변화제동등,2,1.42,0.0,0.502
13,C점멸주파수변화제동등,3,1.213,0.00408,0.247
13,C점멸주파수변화제동등,4,1.009,0.0,0.0
13,C점멸주파수변화제동등,5,1.208,0.0,0.148
13,C점멸주파수변화제동등,6,1.778,0.0,0.258
13,C점멸주파수변화제동등,7,1.692,0.00318,0.806
13,C점멸주파수변화제동등,8,1.796,0.0,0.0
13,C점멸주파수변화제동등,9,2.743,0.0,0.359
13,C점멸주파수변화제동등,10,1.799,0.0,0.389
13,C점멸주파수변화제동등,11,3.041,0.0015,1.828
13,C점멸주파수변화제동등,12,1.235,0.0,0.4
13,C점멸주파수변화제동등,13,1.779,0.0,1.422
13,C점멸주파수변화제동등,14,2.989,0.0,1.262
13,C점멸주파수변화제동등,15,1.762,0.0,0.228
13,C점멸주파수변화제동등,16,1.403,0.0,0.495
13,C점멸주파수변화제동등,17,1.91,0.20437,0.0
13,C점멸주파수변화제동등,18,1.361,0.0,0.319
13,C점멸주파수변화제동등,19,2.188,0.02722,0.082
13,C점멸주파수변화제동등,20,2.006,0.23855,0.786
13,C점멸주파수변화제동등,21,3.398,0.0,0.941
13,C점멸주파수변화제동등,22,1.974,0.0,0.0
13,D면적변화제동등,1,1.223,0.0,0.461
13,D면적변화제동등,2,1.221,0.0,0.649
13,D면적변화제동등,3,2.494,0.0,0.0
13,D면적변화제동등,4,1.925,0.0,0.0
13,D면적변화제동등,5,1.79,0.0,0.336
13,D면적변화제동등,6,2.769,0.0,0.0
13,D면적변화제동등,7,1.785,0.0,0.348
13,D면적변화제동등,8,3.05,0.0,1.669
13,D면적변화제동등,9,1.763,0.0,0.118
13,D면적변화제동등,10,2.334,0.0,0.0
13,D면적변화제동등,11,3.418,0.0,0.767
13,D면적변화제동등,12,1.951,0.00035,0.743
13,D면적변화제동등,13,1.776,0.0,0.0
13,D면적변화제동등,14,1.395,0.0,0.436
13,D면적변화제동등,15,1.771,0.0,0.0
13,D면적변화제동등,16,1.43,0.0,0.507
13,D면적변화제동등,17,1.603,0.0,1.304
13,D면적변화제동등,18,1.519,0.0,0.633
14,A기본제동등,1,1.055,0.0,0.553
14,A기본제동등,2,2.477,0.0,0.196
14,A기본제동등,3,1.945,0.0,0.39
14,A기본제동등,4,2.345,0.0,0.455
14,A기본제동등,5,3.381,0.0,1.025
14,A기본제동등,6,1.146,0.1303,0.12
14,A기본제동등,7,1.76,0.0,0.704
14,A기본제동등,8,1.791,0.0,0.464
14,A기본제동등,9,1.342,0.0,0.118
14,A기본제동등,10,2.73,0.0,0.452
14,A기본제동등,11,1.759,0.0,0.0
14,A기본제동등,12,3.049,0.0,1.528
14,A기본제동등,13,1.783,0.0,0.483
14,A기본제동등,14,1.478,0.0,0.487
14,A기본제동등,15,0.904,0.0,0.0
14,A기본제동등,16,1.56,0.0,0.388
14,A기본제동등,17,3.058,0.0,0.0
14,A기본제동등,18,1.213,0.0,0.494
14,A기본제동등,19,1.775,0.0,0.0
14,A기본제동등,20,2.958,0.0,2.957
14,A기본제동등,21,1.026,0.88854,0.0
14,A기본제동등,22,1.369,0.0,0.0
14,A기본제동등,23,2.334,0.0,0.777
14,A기본제동등,24,1.785,0.0,1.233
14,A기본제동등,25,1.683,0.00345,0.747
14,B밝기변화제동등,1,1.762,0.0,0.864
14,B밝기변화제동등,2,0.953,0.53836,0.0
14,B밝기변화제동등,3,1.775,0.0,0.522
14,B밝기변화제동등,4,1.242,0.0,0.32
14,B밝기변화제동등,5,2.351,0.0,0.982
14,B밝기변화제동등,6,1.24,0.0,0.443
14,B밝기변화제동등,7,1.365,0.0,0.0
14,B밝기변화제동등,8,2.341,0.0,0.272
14,B밝기변화제동등,9,3.423,0.0,0.381
14,B밝기변화제동등,10,1.8,0.0,0.939
14,B밝기변화제동등,11,1.458,0.0,0.659
14,B밝기변화제동등,12,2.353,0.0,0.395
14,B밝기변화제동등,13,3.071,0.0,1.498
14,B밝기변화제동등,14,1.202,0.0,1.13
14,B밝기변화제동등,15,1.777,0.0,0.15
14,B밝기변화제동등,16,1.791,0.0,0.626
14,B밝기변화제동등,17,1.356,0.0,0.471
14,B밝기변화제동등,18,2.581,0.32356,0.121
14,B밝기변화제동등,19,1.764,0.0,0.557
14,B밝기변화제동등,20,1.724,0.21946,0.401
14,B밝기변화제동등,21,1.243,0.0,0.335
14,C점멸주파수변화제동등,1,1.75,0.0,0.333
14,C점멸주파수변화제동등,2,1.242,0.0,0.324
14,C점멸주파수변화제동등,3,1.811,0.0,1.361
14,C점멸주파수변화제동등,4,2.988,0.0,1.949
14,C점멸주파수변화제동등,5,1.783,0.0,0.583
14,C점멸주파수변화제동등,6,1.175,0.03662,0.73
14,C점멸주파수변화제동등,7,1.567,0.1218,0.52
14,C점멸주파수변화제동등,8,1.366,0.0,0.52
14,C점멸주파수변화제동등,9,2.332,0.0,0.688
14,C점멸주파수변화제동등,10,2.649,0.0,1.461
14,C점멸주파수변화제동등,11,2.347,0.0,0.0
14,C점멸주파수변화제동등,12,3.398,0.0,2.705
14,C점멸주파수변화제동등,13,1.778,0.0,0.293
14,C점멸주파수변화제동등,14,1.791,0.0,1.2
14,C점멸주파수변화제동등,15,1.21,0.0,0.411
14,C점멸주파수변화제동등,16,2.88,0.0,1.34
14,C점멸주파수변화제동등,17,1.355,0.0,0.347
14,C점멸주파수변화제동등,18,1.768,0.0,0.356
14,C점멸주파수변화제동등,19,1.449,0.0,0.0
14,C점멸주파수변화제동등,20,2.406,0.0,1.988
14,C점멸주파수변화제동등,21,2.34,0.0,0.118
14,C점멸주파수변화제동등,22,1.914,0.0,0.116
14,C점멸주파수변화제동등,23,1.226,0.0,0.635
14,D면적변화제동등,1,2.75,0.0,0.681
14,D면적변화제동등,2,1.781,0.0,0.534
14,D면적변화제동등,3,3.04,0.0,1.15
14,D면적변화제동등,4,1.787,0.08719,0.284
14,D면적변화제동등,5,1.523,0.0,0.643
14,D면적변화제동등,6,1.233,0.0,0.156
14,D면적변화제동등,7,2.486,0.0,0.599
14,D면적변화제동등,8,2.8,0.0,1.364
14,D면적변화제동등,9,1.209,0.0,0.248
14,D면적변화제동등,10,1.237,0.0,0.158
14,D면적변화제동등,11,1.778,0.0,0.691
14,D면적변화제동등,12,1.46,0.0,0.643
14,D면적변화제동등,13,1.796,0.0,0.245
14,D면적변화제동등,14,4.227,0.0,0.615
14,D면적변화제동등,15,1.787,0.0,1.331
14,D면적변화제동등,16,2.813,0.0,1.703
14,D면적변화제동등,17,1.206,0.0,0.394
14,D면적변화제동등,18,1.788,0.0,0.432
14,D면적변화제동등,19,2.984,0.0,1.48
14,D면적변화제동등,20,2.334,0.0,0.18
14,D면적변화제동등,21,2.003,0.10265,0.725
14,D면적변화제동등,22,3.418,0.0,0.736
14,D면적변화제동등,23,1.776,0.0,0.453
15,A기본제동등,1,2.733,0.0,0.279
15,A기본제동등,2,1.805,0.0819,0.32
15,A기본제동등,3,1.782,0.14109,0.286
15,A기본제동등,4,1.478,0.0,0.213
15,A기본제동등,5,1.519,0.0,0.0
15,A기본제동등,6,1.762,0.05894,0.343
15,A기본제동등,7,1.203,0.40289,0.362
15,A기본제동등,8,1.801,0.0,0.0
15,A기본제동등,9,0.912,0.33179,0.0
15,A기본제동등,10,2.474,0.16364,0.961
15,A기본제동등,11,1.939,0.12394,1.011
15,A기본제동등,12,1.225,0.17362,0.533
15,A기본제동등,13,1.991,0.0,1.186
15,A기본제동등,14,1.776,0.22897,0.263
15,A기본제동등,15,1.37,0.22515,0.118
15,A기본제동등,16,1.775,0.00618,0.644
15,A기본제동등,17,1.133,0.01352,0.624
15,A기본제동등,18,1.207,0.0,0.0
15,A기본제동등,19,2.467,0.0,0.0
15,A기본제동등,20,2.816,0.0,1.563
15,A기본제동등,21,1.213,0.04351,0.0
15,A기본제동등,22,1.609,0.0,0.731
15,A기본제동등,23,1.225,0.0,0.0
15,B밝기변화제동등,1,2.347,0.0605,0.123
15,B밝기변화제동등,2,3.292,0.0,0.712
15,B밝기변화제동등,3,1.774,0.0,0.492
15,B밝기변화제동등,4,1.361,0.0,0.729
15,B밝기변화제동등,5,1.845,0.14499,0.686
15,B밝기변화제동등,6,2.485,0.0,0.257
15,B밝기변화제동등,7,1.917,0.0,0.0
15,B밝기변화제동등,8,1.775,0.0,0.265
15,B밝기변화제동등,9,2.656,0.0,0.115
15,B밝기변화제동등,10,1.233,0.0,0.547
15,B밝기변화제동등,11,2.314,0.0,0.352
15,B밝기변화제동등,12,2.636,0.0,0.525
15,B밝기변화제동등,13,1.781,0.0,0.562
15,B밝기변화제동등,14,1.48,0.0,0.775
15,B밝기변화제동등,15,2.537,0.11046,0.493
15,B밝기변화제동등,16,2.961,0.0,2.175
15,B밝기변화제동등,17,1.336,0.0,0.383
15,B밝기변화제동등,18,1.785,0.0,0.659
15,B밝기변화제동등,19,1.766,0.0,0.0
15,B밝기변화제동등,20,2.757,0.0,0.791
15,B밝기변화제동등,21,1.927,0.02598,0.216
15,B밝기변화제동등,22,1.244,0.0,0.0
15,B밝기변화제동등,23,1.773,0.0,1.406
15,C점멸주파수변화제동등,1,1.763,0.11428,0.318
15,C점멸주파수변화제동등,2,1.475,0.53659,0.038
15,C점멸주파수변화제동등,3,1.206,0.0,0.52
15,C점멸주파수변화제동등,4,1.928,0.0,0.594
15,C점멸주파수변화제동등,5,2.705,0.19435,0.187
15,C점멸주파수변화제동등,6,1.248,0.0,0.429
15,C점멸주파수변화제동등,7,2.461,0.0,0.079
15,C점멸주파수변화제동등,8,2.788,0.0,0.864
15,C점멸주파수변화제동등,9,1.737,0.0,0.225
15,C점멸주파수변화제동등,10,1.383,0.0,0.0
15,C점멸주파수변화제동등,11,1.099,0.2397,0.0
15,C점멸주파수변화제동등,12,1.807,0.0,0.385
15,C점멸주파수변화제동등,13,2.754,0.0,0.041
15,C점멸주파수변화제동등,14,1.801,0.0,0.999
15,C점멸주파수변화제동등,15,2.868,0.0,1.969
15,C점멸주파수변화제동등,16,1.437,0.50016,0.0
15,C점멸주파수변화제동등,17,1.54,0.0,0.637
15,C점멸주파수변화제동등,18,1.798,0.0,0.832
15,C점멸주파수변화제동등,19,2.364,0.0,0.45
15,C점멸주파수변화제동등,20,3.322,0.0,0.0
15,C점멸주파수변화제동등,21,1.793,0.0,0.0
15,C점멸주파수변화제동등,22,1.357,0.0,0.0
15,C점멸주파수변화제동등,23,1.655,0.15008,0.283
15,C점멸주파수변화제동등,24,1.253,0.0,0.462
15,C점멸주파수변화제동등,25,1.695,0.25083,0.64
15,C점멸주파수변화제동등,26,1.223,0.001,0.43
15,D면적변화제동등,1,1.76,0.0,0.341
15,D면적변화제동등,2,1.496,0.0,0.822
15,D면적변화제동등,3,1.512,0.0,0.0
15,D면적변화제동등,4,1.231,0.0,0.441
15,D면적변화제동등,5,2.471,0.0,0.63
15,D면적변화제동등,6,1.78,0.0,0.0
15,D면적변화제동등,7,1.39,0.0,0.516
15,D면적변화제동등,8,1.784,0.0,0.0
15,D면적변화제동등,9,0.965,0.61239,0.0
15,D면적변화제동등,10,2.453,0.0,0.161
15,D면적변화제동등,11,2.011,0.0,0.617
15,D면적변화제동등,12,2.857,0.0,0.0
15,D면적변화제동등,13,1.215,0.0,0.422
15,D면적변화제동등,14,1.785,0.0,0.353
15,D면적변화제동등,15,2.968,0.0,1.239
15,D면적변화제동등,16,2.763,0.0,0.43
15,D면적변화제동등,17,1.794,0.0,1.227
15,D면적변화제동등,18,2.359,0.0,0.0
15,D면적변화제동등,19,1.961,0.21136,0.602
15,D면적변화제동등,20,3.406,0.0,1.22
15,D면적변화제동등,21,1.23,0.0,0.256
16,A기본제동등,1,2.404,0.13001,0.552
16,A기본제동등,2,1.804,0.0,0.345
16,A기본제동등,3,2.34,0.0,0.235
16,A기본제동등,4,3.368,0.0,0.957
16,A기본제동등,5,1.804,0.0,0.0
16,A기본제동등,6,1.336,0.0,0.504
16,A기본제동등,7,1.182,0.0,0.765
16,A기본제동등,8,1.503,0.0,0.883
16,A기본제동등,9,1.777,0.0,0.394
16,A기본제동등,10,0.838,0.23659,0.0
16,A기본제동등,11,1.225,0.0,0.385
16,A기본제동등,12,2.325,0.0,0.0
16,A기본제동등,13,2.806,0.0,1.316
16,A기본제동등,14,1.154,0.0,0.038
16,A기본제동등,15,2.349,0.0,0.529
16,A기본제동등,16,1.756,0.0,1.102
16,A기본제동등,17,2.825,0.0,1.538
16,A기본제동등,18,1.766,0.0,0.414
16,A기본제동등,19,1.202,0.0,0.205
16,A기본제동등,20,1.775,0.0,0.82
16,A기본제동등,21,2.986,0.0,1.594
16,A기본제동등,22,1.796,0.0,0.0
16,A기본제동등,23,1.361,0.0,0.0
16,B밝기변화제동등,1,1.211,0.0,0.227
16,B밝기변화제동등,2,1.253,0.00313,1.065
16,B밝기변화제동등,3,1.063,0.0,0.0
16,B밝기변화제동등,4,1.783,0.0,0.0
16,B밝기변화제동등,5,1.786,0.0,0.0
16,B밝기변화제동등,6,1.43,0.01119,1.244
16,B밝기변화제동등,7,1.6,0.0,0.71
16,B밝기변화제동등,8,1.373,0.0,0.385
16,B밝기변화제동등,9,1.537,0.0,0.747
16,B밝기변화제동등,10,2.748,0.0,0.0
16,B밝기변화제동등,11,1.92,0.0,0.158
16,B밝기변화제동등,12,1.36,0.02391,0.121
16,B밝기변화제동등,13,1.814,0.0,0.585
16,B밝기변화제동등,14,1.468,0.0,1.467
16,B밝기변화제동등,15,1.796,0.00426,0.211
16,B밝기변화제동등,16,1.798,0.0,1.276
16,B밝기변화제동등,17,1.481,0.0,0.663
16,B밝기변화제동등,18,2.351,0.0,0.752
16,B밝기변화제동등,19,0.983,0.0,0.512
16,B밝기변화제동등,20,3.429,0.0,1.122
16,B밝기변화제동등,21,2.453,0.0,1.445
16,B밝기변화제동등,22,1.736,0.0,0.689
16,C점멸주파수변화제동등,1,1.518,0.08435,0.593
16,C점멸주파수변화제동등,2,1.334,0.0,0.193
16,C점멸주파수변화제동등,3,1.208,0.0,0.118
16,C점멸주파수변화제동등,4,1.85,0.0226,0.915
16,C점멸주파수변화제동등,5,1.25,0.0335,1.047
16,C점멸주파수변화제동등,6,1.136,0.00498,0.954
16,C점멸주파수변화제동등,7,1.245,0.0,0.767
16,C점멸주파수변화제동등,8,2.158,0.0,0.0
16,C점멸주파수변화제동등,9,1.793,0.0,0.0
16,C점멸주파수변화제동등,10,1.528,0.20689,0.231
16,C점멸주파수변화제동등,11,2.758,0.0,0.0
16,C점멸주파수변화제동등,12,1.922,0.0,0.492
16,C점멸주파수변화제동등,13,1.783,0.0,0.0
16,C점멸주파수변화제동등,14,1.334,0.0,0.586
16,C점멸주파수변화제동등,15,0.918,0.00928,0.839
16,C점멸주파수변화제동등,16,2.556,0.07326,0.145
16,C점멸주파수변화제동등,17,2.521,0.0,0.793
16,C점멸주파수변화제동등,18,1.953,0.0,0.604
16,C점멸주파수변화제동등,19,1.801,0.0,0.0
16,C점멸주파수변화제동등,20,1.365,0.0,0.0
16,C점멸주파수변화제동등,21,0.913,0.01029,0.153
16,C점멸주파수변화제동등,22,2.351,0.0,0.0
16,C점멸주파수변화제동등,23,3.475,0.0,0.547
16,C점멸주파수변화제동등,24,1.218,0.0,0.0
16,C점멸주파수변화제동등,25,1.932,0.0,0.739
16,C점멸주파수변화제동등,26,0.911,0.09391,0.0
16,C점멸주파수변화제동등,27,1.782,0.0,0.0
16,C점멸주파수변화제동등,28,1.772,0.0,0.0
16,D면적변화제동등,1,1.765,0.0,0.341
16,D면적변화제동등,2,1.76,0.0,0.928
16,D면적변화제동등,3,1.005,0.22585,0.0
16,D면적변화제동등,4,1.252,0.0,0.525
16,D면적변화제동등,5,2.46,0.0,1.128
16,D면적변화제동등,6,2.644,0.0,2.092
16,D면적변화제동등,7,2.746,0.0,0.568
16,D면적변화제동등,8,1.784,0.0,0.664
16,D면적변화제동등,9,3.05,0.0,2.0
16,D면적변화제동등,10,0.915,0.0216,0.323
16,D면적변화제동등,11,2.473,0.0,0.674
16,D면적변화제동등,12,1.943,0.0,0.438
16,D면적변화제동등,13,2.359,0.0,1.147
16,D면적변화제동등,14,3.427,0.0,0.941
16,D면적변화제동등,15,1.335,0.08366,0.329
16,D면적변화제동등,16,1.526,0.0,1.068
16,D면적변화제동등,17,1.782,0.0,0.677
16,D면적변화제동등,18,1.786,0.0,0.157
16,D면적변화제동등,19,1.394,0.0,0.654
16,D면적변화제동등,20,1.333,0.06686,0.975
16,D면적변화제동등,21,1.23,0.0,0.112
16,D면적변화제동등,22,1.771,0.0,0.705
16,D면적변화제동등,23,2.971,0.0,2.021
16,D면적변화제동등,24,1.229,0.0,0.0
17,A기본제동등,1,1.769,0.0,0.791
17,A기본제동등,2,1.373,0.0,1.292
17,A기본제동등,3,1.92,0.0,0.24
17,A기본제동등,4,1.745,0.0,0.258
17,A기본제동등,5,1.364,0.0,0.348
17,A기본제동등,6,1.503,0.30675,0.515
17,A기본제동등,7,2.91,0.0,0.0
17,A기본제동등,8,1.905,0.0,1.749
17,A기본제동등,9,1.787,0.0,0.512
17,A기본제동등,10,1.355,0.0,0.0
17,A기본제동등,11,1.358,0.0,0.66
17,A기본제동등,12,2.361,0.0,1.883
17,A기본제동등,13,1.781,0.0,0.661
17,A기본제동등,14,1.224,0.0,0.477
17,A기본제동등,15,1.375,0.0,0.671
17,A기본제동등,16,2.325,0.0,1.391
17,A기본제동등,17,1.757,0.0,0.827
17,A기본제동등,18,2.463,0.0,0.0
17,A기본제동등,19,3.312,0.0,0.677
17,A기본제동등,20,1.204,0.0,0.449
17,A기본제동등,21,1.934,0.0,0.887
17,B밝기변화제동등,1,2.463,0.0,0.473
17,B밝기변화제동등,2,1.922,0.0,0.117
17,B밝기변화제동등,3,1.359,0.0,1.197
17,B밝기변화제동등,4,1.777,0.0,0.0
17,B밝기변화제동등,5,1.757,0.32992,0.26
17,B밝기변화제동등,6,1.24,0.0,0.0
17,B밝기변화제동등,7,1.153,0.0,0.412
17,B밝기변화제동등,8,1.351,0.0,0.304
17,B밝기변화제동등,9,2.335,0.0,0.0
17,B밝기변화제동등,10,0.834,0.0,0.834
17,B밝기변화제동등,11,3.461,0.0,1.228
17,B밝기변화제동등,12,1.767,0.0,0.0
17,B밝기변화제동등,13,1.372,0.0,0.999
17,B밝기변화제동등,14,3.517,0.0,0.282
17,B밝기변화제동등,15,1.478,0.06138,0.625
17,B밝기변화제동등,16,1.582,0.18277,0.999
17,B밝기변화제동등,17,1.783,0.0,0.669
17,B밝기변화제동등,18,1.374,0.0,0.982
17,B밝기변화제동등,19,2.348,0.0,1.712
17,B밝기변화제동등,20,2.761,0.0,0.0
17,B밝기변화제동등,21,1.912,0.10979,0.522
17,B밝기변화제동등,22,1.95,0.0,0.0
17,B밝기변화제동등,23,1.347,0.0,0.0
17,B밝기변화제동등,24,1.222,0.0,0.0
17,B밝기변화제동등,25,1.944,0.0,0.0
17,C점멸주파수변화제동등,1,1.802,0.0,1.038
17,C점멸주파수변화제동등,2,2.771,0.0,0.78
17,C점멸주파수변화제동등,3,1.904,0.0,0.437
17,C점멸주파수변화제동등,4,1.375,0.0,1.192
17,C점멸주파수변화제동등,5,3.066,0.08005,0.145
17,C점멸주파수변화제동등,6,1.782,0.0,0.0
17,C점멸주파수변화제동등,7,1.381,0.0,0.746
17,C점멸주파수변화제동등,8,1.396,0.01841,0.504
17,C점멸주파수변화제동등,9,2.348,0.0,1.298
17,C점멸주파수변화제동등,10,2.362,0.0,0.594
17,C점멸주파수변화제동등,11,1.875,0.0,0.0
17,C점멸주파수변화제동등,12,3.259,0.05962,2.035
17,C점멸주파수변화제동등,13,1.251,0.0,0.743
17,C점멸주파수변화제동등,14,1.921,0.0,0.75
17,C점멸주파수변화제동등,15,1.764,0.0,0.0
17,C점멸주파수변화제동등,16,2.351,0.00335,0.504
17,C점멸주파수변화제동등,17,1.754,0.00878,0.591
17,C점멸주파수변화제동등,18,1.947,0.0,0.801
17,C점멸주파수변화제동등,19,1.773,0.04319,0.388
17,C점멸주파수변화제동등,20,1.374,0.0,0.647
17,C점멸주파수변화제동등,21,1.515,0.45708,0.0
17,C점멸주파수변화제동등,22,2.252,0.19627,0.525
17,C점멸주파수변화제동등,23,1.352,0.22244,0.227
17,D면적변화제동등,1,1.804,0.0,0.546
17,D면적변화제동등,2,1.763,0.0,0.836
17,D면적변화제동등,3,1.388,0.0,0.111
17,D면적변화제동등,4,1.369,0.0,0.0
17,D면적변화제동등,5,2.351,0.09106,0.86
17,D면적변화제동등,6,1.214,0.0,0.0
17,D면적변화제동등,7,1.931,0.0,0.0
17,D면적변화제동등,8,2.332,0.0,0.7
17,D면적변화제동등,9,3.287,0.0,0.768
17,D면적변화제동등,10,1.766,0.0,0.0
17,D면적변화제동등,11,1.361,0.0,0.719
17,D면적변화제동등,12,1.248,0.0,0.0
17,D면적변화제동등,13,1.383,0.0,0.355
17,D면적변화제동등,14,2.397,0.25069,0.614
17,D면적변화제동등,15,2.327,0.03075,0.697
17,D면적변화제동등,16,1.797,0.0,0.425
17,D면적변화제동등,17,1.793,0.0,0.0
17,D면적변화제동등,18,1.375,0.0,0.0
17,D면적변화제동등,19,2.76,0.0,0.74
17,D면적변화제동등,20,1.91,0.0,0.0
17,D면적변화제동등,21,1.792,0.0,0.0
18,A기본제동등,1,1.221,0.0,0.435
18,A기본제동등,2,1.923,0.0,1.098
18,A기본제동등,3,1.218,0.0,0.0
18,A기본제동등,4,1.375,0.01958,0.0
18,A기본제동등,5,1.778,0.0,0.597
18,A기본제동등,6,1.355,0.0,0.0
18,A기본제동등,7,1.237,0.09553,0.0
18,A기본제동등,8,1.925,0.0,1.4
18,A기본제동등,9,0.919,0.00109,0.879
18,A기본제동등,10,2.342,0.0,0.509
18,A기본제동등,11,1.636,0.0,0.667
18,A기본제동등,12,1.378,0.0,0.158
18,A기본제동등,13,1.748,0.0,0.797
18,A기본제동등,14,1.51,0.01406,1.366
18,A기본제동등,15,1.218,0.0,0.184
18,A기본제동등,16,2.329,0.0,0.0
18,A기본제동등,17,1.762,0.0,0.563
18,A기본제동등,18,1.321,0.0,0.81
18,A기본제동등,19,1.775,0.0,0.0
18,A기본제동등,20,2.788,0.0,2.591
18,A기본제동등,21,1.903,0.0,0.474
18,A기본제동등,22,2.376,0.0,1.17
18,A기본제동등,23,1.703,0.07079,0.362
18,A기본제동등,24,3.492,0.0,0.186
18,B밝기변화제동등,1,1.377,0.0,0.568
18,B밝기변화제동등,2,2.206,0.0,0.154
18,B밝기변화제동등,3,1.215,0.0,0.0
18,B밝기변화제동등,4,1.426,0.0,0.584
18,B밝기변화제동등,5,1.229,0.0,0.644
18,B밝기변화제동등,6,1.905,0.0,0.559
18,B밝기변화제동등,7,1.79,0.0,1.052
18,B밝기변화제동등,8,1.388,0.0,0.0
18,B밝기변화제동등,9,1.153,0.08049,0.629
18,B밝기변화제동등,10,1.764,0.0,1.464
18,B밝기변화제동등,11,2.359,0.0,0.0
18,B밝기변화제동등,12,3.318,0.0,0.469
18,B밝기변화제동등,13,0.99,0.0,0.788
18,B밝기변화제동등,14,1.431,0.0,0.105
18,B밝기변화제동등,15,2.773,0.0,0.461
18,B밝기변화제동등,16,1.785,0.0,0.0
18,B밝기변화제동등,17,1.716,0.07418,0.272
18,B밝기변화제동등,18,1.799,0.0,0.115
18,B밝기변화제동등,19,1.774,0.0,0.0
18,B밝기변화제동등,20,1.789,0.0,0.0
18,B밝기변화제동등,21,1.359,0.0,0.0
18,B밝기변화제동등,22,0.913,0.0,0.704
18,B밝기변화제동등,23,2.485,0.0,0.221
18,B밝기변화제동등,24,1.93,0.0,0.072
18,C점멸주파수변화제동등,1,2.328,0.0,0.449
18,C점멸주파수변화제동등,2,3.315,0.0,0.157
18,C점멸주파수변화제동등,3,1.761,0.0,0.659
18,C점멸주파수변화제동등,4,1.762,0.0,0.0
18,C점멸주파수변화제동등,5,1.361,0.0,0.196
18,C점멸주파수변화제동등,6,1.612,0.01097,1.355
18,C점멸주파수변화제동등,7,1.785,0.0,0.495
18,C점멸주파수변화제동등,8,1.368,0.0,0.116
18,C점멸주파수변화제동등,9,2.75,0.0,0.72
18,C점멸주파수변화제동등,10,1.938,0.0,0.685
18,C점멸주파수변화제동등,11,1.753,0.0,0.0
18,C점멸주파수변화제동등,12,1.363,0.0,0.404
18,C점멸주파수변화제동등,13,2.325,0.0,0.154
18,C점멸주파수변화제동등,14,1.796,0.0,0.0
18,C점멸주파수변화제동등,15,2.475,0.0,1.011
18,C점멸주파수변화제동등,16,1.938,0.0,0.0
18,C점멸주파수변화제동등,17,1.668,0.0,0.159
18,C점멸주파수변화제동등,18,1.353,0.0,0.122
18,C점멸주파수변화제동등,19,1.234,0.0,0.0
18,C점멸주파수변화제동등,20,1.149,0.0629,0.403
18,C점멸주파수변화제동등,21,1.374,0.0,0.121
18,C점멸주파수변화제동등,22,1.222,0.0,0.986
18,C점멸주파수변화제동등,23,1.927,0.0,1.622
18,D면적변화제동등,1,0.958,0.01342,0.0
18,D면적변화제동등,2,1.781,0.0,0.389
18,D면적변화제동등,3,1.764,0.0,0.0
18,D면적변화제동등,4,1.382,0.0,0.616
18,D면적변화제동등,5,1.759,0.0,0.179
18,D면적변화제동등,6,1.328,0.0,0.628
18,D면적변화제동등,7,1.365,0.03108,0.428
18,D면적변화제동등,8,1.37,0.0,0.497
18,D면적변화제동등,9,1.779,0.0,0.0
18,D면적변화제동등,10,1.382,0.0,0.0
18,D면적변화제동등,11,1.362,0.0,0.513
18,D면적변화제동등,12,2.344,0.0,0.0
18,D면적변화제동등,13,1.238,0.0,1.159
18,D면적변화제동등,14,2.383,0.04756,0.141
18,D면적변화제동등,15,1.437,0.0,1.437
18,D면적변화제동등,16,1.219,0.0,0.0
18,D면적변화제동등,17,1.928,0.0,0.269
18,D면적변화제동등,18,2.339,0.01446,0.784
18,D면적변화제동등,19,1.785,0.0,0.749
18,D면적변화제동등,20,2.34,0.0,0.0
18,D면적변화제동등,21,3.469,0.0,0.725
18,D면적변화제동등,22,1.792,0.0,0.0
18,D면적변화제동등,23,1.37,0.01189,1.166
18,D면적변화제동등,24,2.728,0.0,0.341
18,D면적변화제동등,25,1.914,0.0,0.0
19,A기본제동등,1,2.309,0.03958,0.644
19,A기본제동등,2,1.354,0.0,0.418
19,A기본제동등,3,1.212,0.0,0.35
19,A기본제동등,4,0.921,0.0,0.0
19,A기본제동등,5,1.365,0.0159,0.27
19,A기본제동등,6,1.791,0.0,0.284
19,A기본제동등,7,1.241,0.00736,1.004
19,A기본제동등,8,2.344,0.0,0.294
19,A기본제동등,9,1.528,0.0,0.475
19,A기본제동등,10,3.481,0.0,1.193
19,A기본제동등,11,1.768,0.0,0.379
19,A기본제동등,12,1.37,0.0,0.0
19,A기본제동등,13,1.758,0.0,0.22
19,A기본제동등,14,1.142,0.0,0.0
19,A기본제동등,15,1.222,0.02456,0.267
19,A기본제동등,16,2.342,0.02146,0.125
19,A기본제동등,17,1.794,0.0,0.0
19,A기본제동등,18,1.367,0.00023,0.0
19,A기본제동등,19,1.221,0.0,0.0
19,A기본제동등,20,1.915,0.0,0.135
19,A기본제동등,21,2.723,0.0,0.303
19,A기본제동등,22,1.929,0.0,0.0
19,A기본제동등,23,2.484,0.00398,1.48
19,A기본제동등,24,1.819,0.0,0.0
19,A기본제동등,25,2.35,0.01898,0.195
19,A기본제동등,26,1.927,0.0,0.0
19,B밝기변화제동등,1,0.879,0.0,0.671
19,B밝기변화제동등,2,1.234,0.0,0.543
19,B밝기변화제동등,3,2.194,0.0,0.0
19,B밝기변화제동등,4,1.758,0.0,0.509
19,B밝기변화제동등,5,1.361,0.0,0.0
19,B밝기변화제동등,6,2.748,0.0,0.592
19,B밝기변화제동등,7,1.917,0.0,0.0
19,B밝기변화제동등,8,1.761,0.0,0.45
19,B밝기변화제동등,9,1.206,0.0,0.595
19,B밝기변화제동등,10,1.906,0.0,0.5
19,B밝기변화제동등,11,1.204,0.0,0.429
19,B밝기변화제동등,12,1.369,0.0,0.477
19,B밝기변화제동등,13,3.072,0.0,1.265
19,B밝기변화제동등,14,2.22,0.0,0.669
19,B밝기변화제동등,15,1.53,0.0,0.787
19,B밝기변화제동등,16,2.344,0.0,0.0
19,B밝기변화제동등,17,1.195,0.05827,0.143
19,B밝기변화제동등,18,3.448,0.0,1.282
19,B밝기변화제동등,19,1.747,0.0,0.0
19,B밝기변화제동등,20,1.993,0.03,0.705
19,B밝기변화제동등,21,1.972,0.03159,0.078
19,B밝기변화제동등,22,2.515,0.0,0.669
19,B밝기변화제동등,23,1.786,0.0,0.727
19,B밝기변화제동등,24,1.742,0.0,0.0
19,B밝기변화제동등,25,1.364,0.0,0.677
19,B밝기변화제동등,26,2.553,0.07238,0.599
19,C점멸주파수변화제동등,1,1.766,0.0,0.442
19,C점멸주파수변화제동등,2,1.49,0.0,0.541
19,C점멸주파수변화제동등,3,2.393,0.0186,0.645
19,C점멸주파수변화제동등,4,2.748,0.0,0.306
19,C점멸주파수변화제동등,5,1.797,0.0,0.448
19,C점멸주파수변화제동등,6,1.103,0.0,0.354
19,C점멸주파수변화제동등,7,1.521,0.0,0.426
19,C점멸주파수변화제동등,8,1.758,0.0,0.0
19,C점멸주파수변화제동등,9,1.793,0.0,0.295
19,C점멸주파수변화제동등,10,1.197,0.0,0.347
19,C점멸주파수변화제동등,11,1.361,0.0,0.0
19,C점멸주파수변화제동등,12,2.329,0.0,0.0
19,C점멸주파수변화제동등,13,1.433,0.03379,0.414
19,C점멸주파수변화제동등,14,3.295,0.0,0.0
19,C점멸주파수변화제동등,15,1.418,0.06445,0.325
19,C점멸주파수변화제동등,16,2.49,0.0,0.627
19,C점멸주파수변화제동등,17,1.799,0.0,0.34
19,C점멸주파수변화제동등,18,1.743,0.0,0.37
19,C점멸주파수변화제동등,19,1.203,0.0,0.0
19,C점멸주파수변화제동등,20,1.917,0.0,0.568
19,C점멸주파수변화제동등,21,2.179,0.02407,0.26
19,C점멸주파수변화제동등,22,1.221,0.0,0.925
19,C점멸주파수변화제동등,23,2.216,0.0,0.427
19,C점멸주파수변화제동등,24,0.96,0.0,0.434
19,D면적변화제동등,1,1.798,0.0,0.42
19,D면적변화제동등,2,1.751,0.0,0.0
19,D면적변화제동등,3,2.737,0.0,0.0
19,D면적변화제동등,4,1.927,0.0,0.0
19,D면적변화제동등,5,1.757,0.0,1.477
19,D면적변화제동등,6,1.367,0.0,0.0
19,D면적변화제동등,7,3.173,0.05477,0.44
19,D면적변화제동등,8,1.228,0.0,0.0
19,D면적변화제동등,9,1.923,0.0,0.177
19,D면적변화제동등,10,2.483,0.0,0.0
19,D면적변화제동등,11,1.818,0.0,0.688
19,D면적변화제동등,12,1.213,0.0,0.0
19,D면적변화제동등,13,1.702,0.02925,0.851
19,D면적변화제동등,14,1.356,0.0,0.0
19,D면적변화제동등,15,2.354,0.0,0.0
19,D면적변화제동등,16,1.2,0.0,0.731
19,D면적변화제동등,17,3.337,0.0,0.165
19,D면적변화제동등,18,1.388,0.0,0.528
19,D면적변화제동등,19,2.234,0.0,0.0
19,D면적변화제동등,20,1.392,0.0,0.596
19,D면적변화제동등,21,1.791,0.0,0.0
19,D면적변화제동등,22,1.384,0.0,0.0
19,D면적변화제동등,23,2.173,0.04367,0.236
19,D면적변화제동등,24,1.789,0.0,0.0
20,A기본제동등,1,2.765,0.0,0.183
20,A기본제동등,2,1.755,0.0,0.257
20,A기본제동등,3,3.05,0.0,1.32
20,A기본제동등,4,1.763,0.0,0.0
20,A기본제동등,5,1.791,0.0,0.0
20,A기본제동등,6,1.488,0.0,0.484
20,A기본제동등,7,1.527,0.0,1.401
20,A기본제동등,8,0.832,0.0,0.0
20,A기본제동등,9,2.536,0.18572,0.129
20,A기본제동등,10,1.783,0.2879,0.171
20,A기본제동등,11,1.202,0.0,0.948
20,A기본제동등,12,2.503,0.02975,0.585
20,A기본제동등,13,2.802,0.0,0.0
20,A기본제동등,14,1.237,0.13245,0.357
20,A기본제동등,15,1.217,0.30611,0.436
20,A기본제동등,16,2.189,0.07341,1.551
20,A기본제동등,17,0.882,0.11991,0.417
20,A기본제동등,18,1.526,0.2987,0.373
20,A기본제동등,19,1.806,0.40798,0.176
20,A기본제동등,20,2.525,0.16842,1.518
20,A기본제동등,21,1.8,0.19916,0.191
20,A기본제동등,22,1.352,0.0,0.0
20,A기본제동등,23,2.769,0.26037,1.42
20,A기본제동등,24,1.014,0.47218,0.279
20,A기본제동등,25,1.943,0.29327,0.084
20,B밝기변화제동등,1,1.443,0.16549,0.632
20,B밝기변화제동등,2,1.231,0.0,0.594
20,B밝기변화제동등,3,2.509,0.0,0.922
20,B밝기변화제동등,4,2.816,0.0,1.907
20,B밝기변화제동등,5,1.244,0.18525,0.0
20,B밝기변화제동등,6,1.352,0.01316,1.263
20,B밝기변화제동등,7,1.798,0.01612,0.0
20,B밝기변화제동등,8,0.819,0.32166,0.0
20,B밝기변화제동등,9,0.916,0.3786,0.114
20,B밝기변화제동등,10,2.513,0.05066,0.569
20,B밝기변화제동등,11,1.938,0.0,0.675
20,B밝기변화제동등,12,1.746,0.0,0.934
20,B밝기변화제동등,13,1.372,0.0,1.325
20,B밝기변화제동등,14,2.449,0.22242,0.288
20,B밝기변화제동등,15,2.765,0.0,0.141
20,B밝기변화제동등,16,1.787,0.0,0.831
20,B밝기변화제동등,17,2.891,0.0,2.022
20,B밝기변화제동등,18,2.365,0.0,0.0
20,B밝기변화제동등,19,1.138,0.0,0.672
20,B밝기변화제동등,20,3.289,0.0,0.0
20,B밝기변화제동등,21,1.788,0.0,0.914
20,B밝기변화제동등,22,1.478,0.0,0.775
20,B밝기변화제동등,23,1.207,0.0,0.0
20,B밝기변화제동등,24,1.223,0.0,0.11
20,B밝기변화제동등,25,1.775,0.0,0.69
20,B밝기변화제동등,26,2.975,0.0,1.841
20,B밝기변화제동등,27,1.23,0.0,0.75
20,B밝기변화제동등,28,1.096,0.19654,0.0
20,B밝기변화제동등,29,0.95,0.0,0.0
20,C점멸주파수변화제동등,1,2.517,0.0511,0.386
20,C점멸주파수변화제동등,2,1.951,0.0,0.628
20,C점멸주파수변화제동등,3,2.328,0.0,0.439
20,C점멸주파수변화제동등,4,1.134,0.0,0.728
20,C점멸주파수변화제동등,5,3.409,0.00923,1.425
20,C점멸주파수변화제동등,6,1.379,0.35505,0.0
20,C점멸주파수변화제동등,7,1.222,0.0,0.24
20,C점멸주파수변화제동등,8,2.487,0.0,1.116
20,C점멸주파수변화제동등,9,2.788,0.0,1.89
20,C점멸주파수변화제동등,10,1.234,0.0,0.046
20,C점멸주파수변화제동등,11,1.192,0.0,0.932
20,C점멸주파수변화제동등,12,1.219,0.09681,0.56
20,C점멸주파수변화제동등,13,0.875,0.35551,0.0
20,C점멸주파수변화제동등,14,1.524,0.0,0.858
20,C점멸주파수변화제동등,15,2.757,0.0006,0.0
20,C점멸주파수변화제동등,16,1.793,0.0,0.0
20,C점멸주파수변화제동등,17,3.87,0.0,2.713
20,C점멸주파수변화제동등,18,1.374,0.0,0.0
20,C점멸주파수변화제동등,19,1.303,0.03942,0.179
20,C점멸주파수변화제동등,20,1.763,0.0,0.0
20,C점멸주파수변화제동등,21,0.821,0.29824,0.0
20,C점멸주파수변화제동등,22,1.222,0.0,0.0
20,C점멸주파수변화제동등,23,1.769,0.0,0.0
20,C점멸주파수변화제동등,24,2.876,0.0,0.0
20,C점멸주파수변화제동등,25,1.759,0.0,0.71
20,C점멸주파수변화제동등,26,1.387,0.0,0.628
20,C점멸주파수변화제동등,27,1.528,0.0,0.0
20,D면적변화제동등,1,2.465,0.01436,0.697
20,D면적변화제동등,2,1.815,0.04461,0.38
20,D면적변화제동등,3,1.588,0.05025,0.542
20,D면적변화제동등,4,1.376,0.00084,0.734
20,D면적변화제동등,5,1.511,0.03105,0.0
20,D면적변화제동등,6,1.242,0.03361,0.182
20,D면적변화제동등,7,1.24,0.00125,0.99
20,D면적변화제동등,8,1.487,0.05732,0.263
20,D면적변화제동등,9,2.321,0.05438,0.375
20,D면적변화제동등,10,3.299,0.15446,0.527
20,D면적변화제동등,11,1.221,0.0,1.133
20,D면적변화제동등,12,1.792,0.0,0.641
20,D면적변화제동등,13,2.97,0.0,2.931
20,D면적변화제동등,14,1.758,0.0,0.22
20,D면적변화제동등,15,1.835,0.10519,0.281
20,D면적변화제동등,16,1.782,0.00347,0.288
20,D면적변화제동등,17,1.443,0.0,0.126
20,D면적변화제동등,18,1.192,0.01839,0.804
20,D면적변화제동등,19,3.056,0.0,2.621
20,D면적변화제동등,20,2.502,0.17125,0.19
20,D면적변화제동등,21,1.215,0.00165,0.076
20,D면적변화제동등,22,2.459,0.0,1.29
20,D면적변화제동등,23,2.838,0.0,2.402
20,D면적변화제동등,24,1.771,0.0,0.749
20,D면적변화제동등,25,1.415,0.18979,0.686
21,A기본제동등,1,2.723,0.0,1.095
21,A기본제동등,2,1.923,0.0,0.958
21,A기본제동등,3,1.747,0.0,0.0
21,A기본제동등,4,1.227,0.0,0.878
21,A기본제동등,5,1.237,0.0,1.049
21,A기본제동등,6,1.373,0.07453,0.417
21,A기본제동등,7,1.924,0.02476,0.543
21,A기본제동등,8,1.508,0.0,0.776
21,A기본제동등,9,1.21,0.0,0.583
21,A기본제동등,10,2.479,0.0,0.557
21,A기본제동등,11,1.771,0.0,0.0
21,A기본제동등,12,2.318,0.0,0.13
21,A기본제동등,13,0.894,0.0,0.683
21,A기본제동등,14,3.124,0.01588,0.336
21,A기본제동등,15,1.789,0.0,0.0
21,A기본제동등,16,1.22,0.0,0.0
21,A기본제동등,17,1.006,0.26541,0.0
21,A기본제동등,18,1.768,0.0,1.768
21,A기본제동등,19,1.093,0.01716,0.384
21,A기본제동등,20,1.368,0.0,0.083
21,A기본제동등,21,1.897,0.0,0.0
21,A기본제동등,22,2.31,0.06113,0.613
21,A기본제동등,23,2.492,0.10405,1.393
21,A기본제동등,24,1.923,0.01273,0.413
21,A기본제동등,25,1.775,0.0,0.0
21,A기본제동등,26,1.369,0.0,0.0
21,A기본제동등,27,0.839,0.0,0.457
21,B밝기변화제동등,1,1.195,0.0,0.0
21,B밝기변화제동등,2,1.555,0.0,0.893
21,B밝기변화제동등,3,1.77,0.0,0.0
21,B밝기변화제동등,4,1.375,0.0,0.0
21,B밝기변화제동등,5,1.784,0.0,0.295
21,B밝기변화제동등,6,2.767,0.0,0.818
21,B밝기변화제동등,7,1.94,0.03812,0.781
21,B밝기변화제동등,8,2.364,0.0,0.967
21,B밝기변화제동등,9,3.293,0.0,0.828
21,B밝기변화제동등,10,1.658,0.10414,0.433
21,B밝기변화제동등,11,2.501,0.0032,0.335
21,B밝기변화제동등,12,1.894,0.0,0.769
21,B밝기변화제동등,13,1.234,0.0,0.441
21,B밝기변화제동등,14,2.598,0.14145,0.531
21,B밝기변화제동등,15,1.363,0.03264,0.127
21,B밝기변화제동등,16,2.955,0.0,0.0
21,B밝기변화제동등,17,1.197,0.0,0.0
21,B밝기변화제동등,18,1.928,0.0,0.34
21,B밝기변화제동등,19,1.197,0.0,0.39
21,B밝기변화제동등,20,2.51,0.0,0.301
21,B밝기변화제동등,21,1.76,0.0,0.388
21,B밝기변화제동등,22,1.941,0.10408,0.746
21,B밝기변화제동등,23,1.784,0.0,0.174
21,B밝기변화제동등,24,1.499,0.0,0.414
21,B밝기변화제동등,25,0.92,0.09812,0.207
21,C점멸주파수변화제동등,1,1.813,0.0,0.977
21,C점멸주파수변화제동등,2,1.768,0.0,0.363
21,C점멸주파수변화제동등,3,1.542,0.0,0.0
21,C점멸주파수변화제동등,4,1.241,0.0,0.116
21,C점멸주파수변화제동등,5,1.939,0.0,0.427
21,C점멸주파수변화제동등,6,1.246,0.0,0.443
21,C점멸주파수변화제동등,7,1.387,0.01387,0.47
21,C점멸주파수변화제동등,8,1.742,0.0,0.936
21,C점멸주파수변화제동등,9,1.985,0.09319,1.181
21,C점멸주파수변화제동등,10,2.336,0.0,0.0
21,C점멸주파수변화제동등,11,3.285,0.02683,0.432
21,C점멸주파수변화제동등,12,2.08,0.07662,0.446
21,C점멸주파수변화제동등,13,1.359,0.0,0.0
21,C점멸주파수변화제동등,14,2.967,0.0,0.0
21,C점멸주파수변화제동등,15,1.774,0.0,0.566
21,C점멸주파수변화제동등,16,1.788,0.0,0.044
21,C점멸주파수변화제동등,17,1.346,0.0,0.457
21,C점멸주파수변화제동등,18,1.372,0.0,0.0
21,C점멸주파수변화제동등,19,2.483,0.0,1.401
21,C점멸주파수변화제동등,20,2.753,0.0,0.833
21,C점멸주파수변화제동등,21,1.9,0.0,1.369
21,C점멸주파수변화제동등,22,2.124,0.25539,0.195
21,C점멸주파수변화제동등,23,2.474,0.0,0.212
21,C점멸주파수변화제동등,24,1.917,0.0,1.065
21,D면적변화제동등,1,2.746,0.0,0.633
21,D면적변화제동등,2,1.794,0.0,0.133
21,D면적변화제동등,3,1.765,0.0,1.593
21,D면적변화제동등,4,1.362,0.0,0.0
21,D면적변화제동등,5,1.233,0.0,0.762
21,D면적변화제동등,6,1.795,0.0,0.974
21,D면적변화제동등,7,1.475,0.00734,0.198
21,D면적변화제동등,8,1.68,0.0,0.0
21,D면적변화제동등,9,1.782,0.0,0.236
21,D면적변화제동등,10,0.927,0.0,0.421
21,D면적변화제동등,11,2.463,0.0,1.352
21,D면적변화제동등,12,1.767,0.0,0.273
21,D면적변화제동등,13,1.201,0.0,0.739
21,D면적변화제동등,14,0.964,0.23092,0.0
21,D면적변화제동등,15,1.403,0.0,0.568
21,D면적변화제동등,16,1.783,0.0,0.0
21,D면적변화제동등,17,1.763,0.0,0.0
21,D면적변화제동등,18,2.13,0.20765,0.743
21,D면적변화제동등,19,1.209,0.0,0.518
21,D면적변화제동등,20,2.177,0.01256,0.474
21,D면적변화제동등,21,2.378,0.0,0.73
21,D면적변화제동등,22,1.441,0.02113,1.237
21,D면적변화제동등,23,3.469,0.0,0.824
21,D면적변화제동등,24,1.764,0.0,0.0
22,A기본제동등,1,0.96,0.35383,0.24
22,A기본제동등,2,1.526,0.0,0.0
22,A기본제동등,3,0.886,0.0,0.175
22,A기본제동등,4,1.192,0.0,0.893
22,A기본제동등,5,2.473,0.0,0.658
22,A기본제동등,6,2.806,0.0,1.569
22,A기본제동등,7,1.322,0.2148,0.825
22,A기본제동등,8,1.77,0.0,0.652
22,A기본제동등,9,2.377,0.0,0.41
22,A기본제동등,10,1.672,0.07983,0.671
22,A기본제동등,11,3.318,0.0,0.543
22,A기본제동등,12,1.773,0.02164,0.415
22,A기본제동등,13,1.483,0.0,0.0
22,A기본제동등,14,0.833,0.0305,0.748
22,A기본제동등,15,1.782,0.0,0.0
22,A기본제동등,16,2.373,0.10493,0.886
22,A기본제동등,17,1.791,0.0,0.611
22,A기본제동등,18,1.369,0.0,0.68
22,A기본제동등,19,0.828,0.0,0.663
22,A기본제동등,20,2.761,0.0,0.13
22,A기본제동등,21,1.784,0.0,0.511
22,A기본제동등,22,1.796,0.0,0.523
22,A기본제동등,23,1.274,0.0,0.981
22,A기본제동등,24,1.23,0.0,0.45
22,A기본제동등,25,3.039,0.01631,1.732
22,A기본제동등,26,1.207,0.0,1.056
22,B밝기변화제동등,1,1.769,0.0,0.538
22,B밝기변화제동등,2,0.842,0.0,0.0
22,B밝기변화제동등,3,1.224,0.0,0.774
22,B밝기변화제동등,4,2.203,0.0,0.485
22,B밝기변화제동등,5,1.752,0.0,1.447
22,B밝기변화제동등,6,1.61,0.12149,0.517
22,B밝기변화제동등,7,1.985,0.18437,0.079
22,B밝기변화제동등,8,2.336,0.0,0.0
22,B밝기변화제동등,9,1.803,0.13997,0.57
22,B밝기변화제동등,10,1.847,0.29715,0.044
22,B밝기변화제동등,11,1.777,0.0,0.293
22,B밝기변화제동등,12,2.345,0.0,0.0
22,B밝기변화제동등,13,1.519,0.0,0.0
22,B밝기변화제동등,14,3.298,0.04327,0.861
22,B밝기변화제동등,15,1.743,0.0,0.0
22,B밝기변화제동등,16,1.362,0.0,1.284
22,B밝기변화제동등,17,1.578,0.19134,0.435
22,B밝기변화제동등,18,1.775,0.0,0.0
22,B밝기변화제동등,19,1.358,0.10616,0.512
22,B밝기변화제동등,20,2.013,0.02465,0.693
22,B밝기변화제동등,21,1.228,0.0,0.926
22,B밝기변화제동등,22,1.218,0.0,0.0
22,B밝기변화제동등,23,2.751,0.0,2.601
22,B밝기변화제동등,24,1.934,0.0,0.0
22,B밝기변화제동등,25,1.773,0.12576,0.299
22,B밝기변화제동등,26,1.363,0.00609,0.466
22,B밝기변화제동등,27,1.235,0.0,0.0
22,B밝기변화제동등,28,1.965,0.0,0.0
22,C점멸주파수변화제동등,1,1.832,0.0,0.856
22,C점멸주파수변화제동등,2,1.772,0.0,0.469
22,C점멸주파수변화제동등,3,1.43,0.0,0.649
22,C점멸주파수변화제동등,4,1.571,0.32482,0.306
22,C점멸주파수변화제동등,5,1.512,0.0,0.0
22,C점멸주파수변화제동등,6,1.782,0.0,0.755
22,C점멸주파수변화제동등,7,2.737,0.0,0.578
22,C점멸주파수변화제동등,8,1.774,0.0,1.405
22,C점멸주파수변화제동등,9,3.04,0.0,2.276
22,C점멸주파수변화제동등,10,1.211,0.0,1.122
22,C점멸주파수변화제동등,11,2.222,0.21763,0.909
22,C점멸주파수변화제동등,12,1.247,0.0,0.0
22,C점멸주파수변화제동등,13,2.505,0.5483,0.041
22,C점멸주파수변화제동등,14,1.213,0.0,0.632
22,C점멸주파수변화제동등,15,2.451,0.0,1.079
22,C점멸주파수변화제동등,16,1.765,0.0,0.098
22,C점멸주파수변화제동등,17,1.373,0.0,0.712
22,C점멸주파수변화제동등,18,2.239,0.45,0.226
22,C점멸주파수변화제동등,19,2.331,0.0193,0.532
22,C점멸주파수변화제동등,20,1.928,0.0,1.889
22,C점멸주파수변화제동등,21,2.37,0.0,0.374
22,C점멸주파수변화제동등,22,1.689,0.0,0.902
22,D면적변화제동등,1,1.763,0.0,0.361
22,D면적변화제동등,2,1.444,0.0,1.443
22,D면적변화제동등,3,1.884,0.0,0.998
22,D면적변화제동등,4,1.2,0.0,0.0
22,D면적변화제동등,5,1.364,0.04268,0.696
22,D면적변화제동등,6,1.238,0.0,0.514
22,D면적변화제동등,7,1.708,0.20583,0.982
22,D면적변화제동등,8,1.779,0.0,0.657
22,D면적변화제동등,9,1.772,0.0,0.0
22,D면적변화제동등,10,1.206,0.0,0.046
22,D면적변화제동등,11,1.826,0.0,1.635
22,D면적변화제동등,12,2.983,0.0,1.18
22,D면적변화제동등,13,1.529,0.0,0.0
22,D면적변화제동등,14,0.857,0.20274,0.0
22,D면적변화제동등,15,1.232,0.0,0.394
22,D면적변화제동등,16,2.35,0.0,0.822
22,D면적변화제동등,17,1.186,0.0,1.098
22,D면적변화제동등,18,1.779,0.0,0.704
22,D면적변화제동등,19,1.358,0.0,0.638
22,D면적변화제동등,20,2.76,0.0,0.456
22,D면적변화제동등,21,1.789,0.0,0.466
22,D면적변화제동등,22,2.882,0.0,1.865
22,D면적변화제동등,23,2.367,0.0,0.487
23,A기본제동등,1,2.765,0.0,0.347
23,A기본제동등,2,1.803,0.0,0.383
23,A기본제동등,3,1.91,0.08847,1.499
23,A기본제동등,4,1.241,0.0,0.633
23,A기본제동등,5,1.923,0.0,0.513
23,A기본제동등,6,1.778,0.0,0.374
23,A기본제동등,7,0.916,0.45126,0.0
23,A기본제동등,8,1.786,0.0,1.141
23,A기본제동등,9,1.395,0.0,0.615
23,A기본제동등,10,2.819,0.09865,0.114
23,A기본제동등,11,1.239,0.03589,0.242
23,A기본제동등,12,2.476,0.0,0.122
23,A기본제동등,13,1.985,0.06608,0.142
23,A기본제동등,14,2.503,0.0,0.652
23,A기본제동등,15,1.793,0.06969,0.951
23,A기본제동등,16,1.793,0.0,0.0
23,A기본제동등,17,1.781,0.0,0.0
23,A기본제동등,18,1.452,0.0,1.373
23,A기본제동등,19,2.364,0.0,0.643
23,A기본제동등,20,1.732,0.23648,0.402
23,A기본제동등,21,3.511,0.0,1.785
23,A기본제동등,22,1.385,0.0,0.0
23,A기본제동등,23,1.356,0.0,0.0
23,B밝기변화제동등,1,0.966,0.0,0.566
23,B밝기변화제동등,2,2.484,0.0,0.432
23,B밝기변화제동등,3,1.92,0.0,0.789
23,B밝기변화제동등,4,1.382,0.0,0.085
23,B밝기변화제동등,5,2.367,0.07724,0.646
23,B밝기변화제동등,6,1.811,0.0,1.546
23,B밝기변화제동등,7,1.288,0.43264,0.036
23,B밝기변화제동등,8,1.796,0.0,1.761
23,B밝기변화제동등,9,1.361,0.0,0.0
23,B밝기변화제동등,10,2.343,0.0,0.0
23,B밝기변화제동등,11,3.288,0.0,0.952
23,B밝기변화제동등,12,2.75,0.0,0.0
23,B밝기변화제동등,13,1.907,0.0,0.0
23,B밝기변화제동등,14,1.247,0.0,0.986
23,B밝기변화제동등,15,1.941,0.0,1.795
23,B밝기변화제동등,16,1.787,0.0,1.441
23,B밝기변화제동등,17,1.385,0.30747,0.11
23,B밝기변화제동등,18,1.139,0.21381,0.119
23,B밝기변화제동등,19,1.795,0.0,0.0
23,B밝기변화제동등,20,1.774,0.0,0.241
23,B밝기변화제동등,21,1.384,0.0,1.264
23,B밝기변화제동등,22,2.869,0.28833,0.647
23,B밝기변화제동등,23,1.345,0.0,0.04
23,B밝기변화제동등,24,1.214,0.0,0.076
23,B밝기변화제동등,25,1.435,0.10823,0.262
23,C점멸주파수변화제동등,1,2.566,0.19076,0.86
23,C점멸주파수변화제동등,2,1.365,0.0,0.475
23,C점멸주파수변화제동등,3,1.755,0.0,0.0
23,C점멸주파수변화제동등,4,1.163,0.32006,0.247
23,C점멸주파수변화제동등,5,1.748,0.0,0.921
23,C점멸주파수변화제동등,6,1.368,0.0,0.0
23,C점멸주파수변화제동등,7,2.362,0.0,0.356
23,C점멸주파수변화제동등,8,3.437,0.0,1.043
23,C점멸주파수변화제동등,9,1.237,0.0,0.163
23,C점멸주파수변화제동등,10,1.936,0.0,0.0
23,C점멸주파수변화제동등,11,2.751,0.0,1.177
23,C점멸주파수변화제동등,12,1.916,0.0,0.205
23,C점멸주파수변화제동등,13,1.838,0.12973,0.486
23,C점멸주파수변화제동등,14,1.234,0.0,0.791
23,C점멸주파수변화제동등,15,2.309,0.0,0.195
23,C점멸주파수변화제동등,16,1.762,0.0,0.397
23,C점멸주파수변화제동등,17,1.362,0.0,0.239
23,C점멸주파수변화제동등,18,0.825,0.0,0.0
23,C점멸주파수변화제동등,19,1.783,0.0,0.0
23,C점멸주파수변화제동등,20,1.771,0.0,0.974
23,C점멸주파수변화제동등,21,2.467,0.14129,0.718
23,C점멸주파수변화제동등,22,1.915,0.0,0.308
23,C점멸주파수변화제동등,23,1.082,0.0,0.416
23,D면적변화제동등,1,2.75,0.0,0.282
23,D면적변화제동등,2,1.788,0.0,0.361
23,D면적변화제동등,3,1.361,0.0,0.762
23,D면적변화제동등,4,2.351,0.0,0.727
23,D면적변화제동등,5,1.78,0.0,0.0
23,D면적변화제동등,6,1.851,0.09437,0.828
23,D면적변화제동등,7,1.226,0.0,0.24
23,D면적변화제동등,8,1.946,0.0,0.0
23,D면적변화제동등,9,1.767,0.0,0.634
23,D면적변화제동등,10,1.345,0.0,0.0
23,D면적변화제동등,11,0.85,0.02121,0.685
23,D면적변화제동등,12,1.892,0.0,0.0
23,D면적변화제동등,13,1.378,0.07305,0.948
23,D면적변화제동등,14,2.341,0.0,1.685
23,D면적변화제동등,15,3.309,0.0,1.304
23,D면적변화제동등,16,1.781,0.0,0.0
23,D면적변화제동등,17,1.326,0.0,0.283
23,D면적변화제동등,18,1.353,0.02098,0.286
23,D면적변화제동등,19,2.353,0.07982,1.638
23,D면적변화제동등,20,1.762,0.0,0.555
23,D면적변화제동등,21,1.764,0.0,0.62
23,D면적변화제동등,22,1.156,0.19473,0.258
23,D면적변화제동등,23,1.241,0.0,0.0
23,D면적변화제동등,24,1.347,0.0,0.822
24,A기본제동등,1,2.518,0.0,1.483
24,A기본제동등,2,1.935,0.0,0.0
24,A기본제동등,3,2.348,0.0,0.511
24,A기본제동등,4,3.364,0.0,1.412
24,A기본제동등,5,1.109,0.98142,0.0
24,A기본제동등,6,1.37,0.0,0.0
24,A기본제동등,7,2.485,0.0,2.165
24,A기본제동등,8,1.239,0.0,0.0
24,A기본제동등,9,1.779,0.0,1.007
24,A기본제동등,10,2.958,0.0,1.622
24,A기본제동등,11,1.278,0.87756,0.041
24,A기본제동등,12,1.349,0.0,0.0
24,A기본제동등,13,1.22,0.0,0.0
24,A기본제동등,14,0.996,0.0,0.762
24,A기본제동등,15,1.454,0.0,0.0
24,A기본제동등,16,1.756,0.0,0.0
24,A기본제동등,17,1.4,0.0,0.834
24,A기본제동등,18,1.244,0.30848,0.788
24,A기본제동등,19,1.807,0.0,0.343
24,A기본제동등,20,1.797,0.0,0.0
24,A기본제동등,21,1.7,0.19882,0.512
24,A기본제동등,22,1.773,0.0,1.182
24,B밝기변화제동등,1,1.36,0.0,0.735
24,B밝기변화제동등,2,2.489,0.0,1.543
24,B밝기변화제동등,3,1.937,0.0,0.0
24,B밝기변화제동등,4,1.846,0.0,0.367
24,B밝기변화제동등,5,1.378,0.0,0.793
24,B밝기변화제동등,6,1.803,0.0,0.598
24,B밝기변화제동등,7,2.332,0.0,0.08
24,B밝기변화제동등,8,3.416,0.0,0.815
24,B밝기변화제동등,9,1.24,0.0,0.921
24,B밝기변화제동등,10,2.498,0.0,1.219
24,B밝기변화제동등,11,2.825,0.0,2.161
24,B밝기변화제동등,12,2.678,0.0,0.0
24,B밝기변화제동등,13,1.371,0.0,0.0
24,B밝기변화제동등,14,1.982,0.0,0.0
24,B밝기변화제동등,15,1.24,0.0,0.561
24,B밝기변화제동등,16,1.807,0.0,0.0
24,B밝기변화제동등,17,2.944,0.0,2.703
24,B밝기변화제동등,18,1.23,0.0,0.0
24,B밝기변화제동등,19,1.658,0.00042,0.872
24,B밝기변화제동등,20,1.238,0.0,1.055
24,B밝기변화제동등,21,1.785,0.0,0.546
24,C점멸주파수변화제동등,1,1.183,0.0,0.447
24,C점멸주파수변화제동등,2,1.206,0.0,0.626
24,C점멸주파수변화제동등,3,1.789,0.0,0.0
24,C점멸주파수변화제동등,4,1.769,0.0,0.274
24,C점멸주파수변화제동등,5,2.903,0.0,0.0
24,C점멸주파수변화제동등,6,1.788,0.0,0.0
24,C점멸주파수변화제동등,7,1.355,0.0,1.11
24,C점멸주파수변화제동등,8,1.765,0.4665,0.0
24,C점멸주파수변화제동등,9,1.061,0.3388,0.337
24,C점멸주파수변화제동등,10,2.331,0.09489,1.259
24,C점멸주파수변화제동등,11,1.777,0.0,0.193
24,C점멸주파수변화제동등,12,2.899,0.0,0.672
24,C점멸주파수변화제동등,13,1.77,0.0,0.0
24,C점멸주파수변화제동등,14,1.378,0.0,0.676
24,C점멸주파수변화제동등,15,1.146,0.0,0.858
24,C점멸주파수변화제동등,16,0.922,0.1647,0.588
24,C점멸주파수변화제동등,17,1.223,0.0,1.111
24,C점멸주파수변화제동등,18,2.301,0.0,0.0
24,C점멸주파수변화제동등,19,2.812,0.0,2.404
24,C점멸주파수변화제동등,20,2.338,0.0,0.0
24,D면적변화제동등,1,1.934,0.0,1.393
24,D면적변화제동등,2,1.21,0.0,0.418
24,D면적변화제동등,3,1.832,0.0,0.755
24,D면적변화제동등,4,1.228,0.0,0.729
24,D면적변화제동등,5,2.306,0.33094,0.23
24,D면적변화제동등,6,1.78,0.0,1.277
24,D면적변화제동등,7,1.793,0.01791,0.369
24,D면적변화제동등,8,2.465,0.0,0.0
24,D면적변화제동등,9,1.943,0.0,0.767
24,D면적변화제동등,10,2.331,0.0,1.99
24,D면적변화제동등,11,3.406,0.0,2.361
24,D면적변화제동등,12,1.786,0.0,0.631
24,D면적변화제동등,13,1.384,0.0,0.0
24,D면적변화제동등,14,1.766,0.0,0.706
24,D면적변화제동등,15,1.402,0.0,0.797
24,D면적변화제동등,16,1.115,0.54358,0.244
24,D면적변화제동등,17,1.539,0.18755,0.419
24,D면적변화제동등,18,1.29,0.25631,0.712
24,D면적변화제동등,19,1.228,0.0,0.0
25,A기본제동등,1,2.346,0.0,1.006
25,A기본제동등,2,0.88,0.0,0.602
25,A기본제동등,3,3.306,0.0,0.889
25,A기본제동등,4,1.934,0.0,0.0
25,A기본제동등,5,1.774,0.0,0.0
25,A기본제동등,6,0.814,0.31155,0.116
25,A기본제동등,7,2.487,0.10858,0.205
25,A기본제동등,8,1.768,0.0,0.155
25,A기본제동등,9,1.223,0.0,0.249
25,A기본제동등,10,2.46,0.0,0.617
25,A기본제동등,11,1.203,0.0,0.302
25,A기본제동등,12,1.257,0.0,0.581
25,A기본제동등,13,1.221,0.0,0.613
25,A기본제동등,14,1.794,0.0,0.508
25,A기본제동등,15,1.767,0.0,0.461
25,A기본제동등,16,1.746,0.0,0.0
25,A기본제동등,17,1.351,0.0,0.636
25,A기본제동등,18,1.771,0.0,0.578
25,A기본제동등,19,1.365,0.0,0.659
25,A기본제동등,20,3.023,0.05908,0.56
25,A기본제동등,21,1.512,0.0,0.631
25,A기본제동등,22,2.77,0.0,0.515
25,A기본제동등,23,1.927,0.0,0.58
25,B밝기변화제동등,1,1.771,0.0,1.771
25,B밝기변화제동등,2,2.2,0.0,0.363
25,B밝기변화제동등,3,3.308,0.0,0.533
25,B밝기변화제동등,4,1.789,0.0,0.0
25,B밝기변화제동등,5,1.801,0.0,0.0
25,B밝기변화제동등,6,1.366,0.0,0.432
25,B밝기변화제동등,7,1.629,0.19457,0.923
25,B밝기변화제동등,8,0.967,0.0,0.203
25,B밝기변화제동등,9,1.226,0.0,0.127
25,B밝기변화제동등,10,2.468,0.0,2.383
25,B밝기변화제동등,11,1.264,0.03296,0.889
25,B밝기변화제동등,12,2.326,0.00987,1.948
25,B밝기변화제동등,13,1.792,0.0,0.0
25,B밝기변화제동등,14,2.751,0.0,2.17
25,B밝기변화제동등,15,1.732,0.0,1.655
25,B밝기변화제동등,16,1.206,0.0,0.0
25,B밝기변화제동등,17,1.38,0.0,0.95
25,B밝기변화제동등,18,1.222,0.0,0.0
25,B밝기변화제동등,19,1.926,0.0,0.823
25,B밝기변화제동등,20,1.483,0.0,1.23
25,B밝기변화제동등,21,1.915,0.0,1.724
25,B밝기변화제동등,22,1.785,0.0,0.0
25,C점멸주파수변화제동등,1,0.879,0.0,0.839
25,C점멸주파수변화제동등,2,1.228,0.0,0.672
25,C점멸주파수변화제동등,3,2.38,0.0,0.545
25,C점멸주파수변화제동등,4,2.743,0.0,2.467
25,C점멸주파수변화제동등,5,1.927,0.0,0.291
25,C점멸주파수변화제동등,6,1.934,0.0,0.0
25,C점멸주파수변화제동등,7,1.781,0.0,0.0
25,C점멸주파수변화제동등,8,2.086,0.05501,0.617
25,C점멸주파수변화제동등,9,1.776,0.0,0.0
25,C점멸주파수변화제동등,10,1.778,0.0,0.362
25,C점멸주파수변화제동등,11,1.363,0.0,0.799
25,C점멸주파수변화제동등,12,2.348,0.0,0.624
25,C점멸주파수변화제동등,13,1.749,0.00085,1.748
25,C점멸주파수변화제동등,14,3.299,0.0,1.73
25,C점멸주파수변화제동등,15,1.22,0.0,0.0
25,C점멸주파수변화제동등,16,1.244,0.0,0.0
25,C점멸주파수변화제동등,17,1.768,0.0,0.0
25,C점멸주파수변화제동등,18,1.374,0.0,0.57
25,C점멸주파수변화제동등,19,1.483,0.0,0.617
25,C점멸주파수변화제동등,20,1.956,0.0,0.64
25,C점멸주파수변화제동등,21,2.361,0.0,0.505
25,C점멸주파수변화제동등,22,1.786,0.01397,0.852
25,C점멸주파수변화제동등,23,1.224,0.0,0.0
25,C점멸주파수변화제동등,24,1.942,0.0,0.472
25,D면적변화제동등,1,1.218,0.0,0.635
25,D면적변화제동등,2,2.203,0.0,1.002
25,D면적변화제동등,3,1.758,0.0,0.0
25,D면적변화제동등,4,1.749,0.0,0.0
25,D면적변화제동등,5,1.377,0.0,0.0
25,D면적변화제동등,6,1.744,0.0916,0.591
25,D면적변화제동등,7,2.755,0.0,0.0
25,D면적변화제동등,8,1.921,0.0,0.0
25,D면적변화제동등,9,2.368,0.0,0.775
25,D면적변화제동등,10,1.366,0.0,0.0
25,D면적변화제동등,11,2.516,0.0,0.635
25,D면적변화제동등,12,1.931,0.0,1.851
25,D면적변화제동등,13,1.225,0.0,0.0
25,D면적변화제동등,14,2.26,0.0,0.0
25,D면적변화제동등,15,2.9,0.0,0.0
25,D면적변화제동등,16,1.807,0.0,0.0
25,D면적변화제동등,17,1.371,0.0,0.538
25,D면적변화제동등,18,1.41,0.06038,0.342
25,D면적변화제동등,19,2.374,0.0,0.0
25,D면적변화제동등,20,3.283,0.0,0.639
25,D면적변화제동등,21,1.915,0.13163,0.416
25,D면적변화제동등,22,1.073,0.0,0.0
25,D면적변화제동등,23,1.805,0.05309,1.209
25,D면적변화제동등,24,1.222,0.0,0.54
25,D면적변화제동등,25,1.766,0.0,1.346
26,A기본제동등,1,1.21,0.0,0.683
26,A기본제동등,2,1.936,0.04125,1.103
26,A기본제동등,3,1.796,0.0,0.548
26,A기본제동등,4,2.333,0.0,1.672
26,A기본제동등,5,1.135,0.0,0.608
26,A기본제동등,6,3.405,0.0,1.164
26,A기본제동등,7,1.218,0.00716,0.554
26,A기본제동등,8,3.071,0.26152,1.452
26,A기본제동등,9,1.223,0.0,0.528
26,A기본제동등,10,1.779,0.0,0.077
26,A기본제동등,11,1.377,0.0,0.122
26,A기본제동등,12,1.891,0.19287,0.605
26,A기본제동등,13,1.243,0.10559,0.147
26,A기본제동등,14,2.503,0.0,0.0
26,A기본제동등,15,3.196,0.15005,1.62
26,A기본제동등,16,2.329,0.0,0.0
26,A기본제동등,17,1.907,0.1283,0.656
26,A기본제동등,18,2.451,0.0,0.0
26,A기본제동등,19,1.804,0.12657,0.517
26,A기본제동등,20,0.955,0.2297,0.117
26,A기본제동등,21,1.539,0.14298,0.243
26,A기본제동등,22,1.799,0.09556,0.848
26,A기본제동등,23,1.474,0.0,0.217
26,A기본제동등,24,2.362,0.24618,0.397
26,B밝기변화제동등,1,2.754,0.05146,1.392
26,B밝기변화제동등,2,1.781,0.0,1.199
26,B밝기변화제동등,3,2.316,0.07043,0.823
26,B밝기변화제동등,4,1.935,0.0,0.795
26,B밝기변화제동등,5,1.813,0.0,0.533
26,B밝기변화제동등,6,0.964,0.29857,0.0
26,B밝기변화제동등,7,1.766,0.0,0.521
26,B밝기변화제동등,8,1.391,0.12063,0.191
26,B밝기변화제동등,9,2.519,0.08085,1.224
26,B밝기변화제동등,10,1.494,0.0,0.937
26,B밝기변화제동등,11,1.233,0.03586,0.652
26,B밝기변화제동등,12,1.382,0.03162,1.104
26,B밝기변화제동등,13,1.088,0.10313,0.212
26,B밝기변화제동등,14,1.751,0.12866,0.351
26,B밝기변화제동등,15,3.059,0.0,2.344
26,B밝기변화제동등,16,1.785,0.03173,0.774
26,B밝기변화제동등,17,1.788,0.40701,0.08
26,B밝기변화제동등,18,1.782,0.0,0.624
26,B밝기변화제동등,19,1.348,0.04702,0.364
26,B밝기변화제동등,20,2.36,0.0,0.528
26,B밝기변화제동등,21,1.569,0.59352,0.079
26,B밝기변화제동등,22,3.471,0.20034,1.918
26,B밝기변화제동등,23,1.217,0.0,0.0
26,B밝기변화제동등,24,1.79,0.0,1.319
26,B밝기변화제동등,25,1.256,0.37264,0.0
26,B밝기변화제동등,26,1.242,0.02207,0.792
26,C점멸주파수변화제동등,1,1.784,0.04636,0.565
26,C점멸주파수변화제동등,2,1.375,0.0,0.68
26,C점멸주파수변화제동등,3,2.764,0.01332,0.59
26,C점멸주파수변화제동등,4,1.931,0.01131,0.594
26,C점멸주파수변화제동등,5,1.251,0.0,0.505
26,C점멸주파수변화제동등,6,1.382,0.18345,0.362
26,C점멸주파수변화제동등,7,1.811,0.0,0.68
26,C점멸주파수변화제동등,8,2.312,0.04816,0.351
26,C점멸주파수변화제동등,9,1.937,0.07311,0.16
26,C점멸주파수변화제동등,10,1.231,0.02955,0.357
26,C점멸주파수변화제동등,11,2.325,0.15958,0.45
26,C점멸주파수변화제동등,12,2.88,0.01253,0.39
26,C점멸주파수변화제동등,13,3.293,0.06448,0.418
26,C점멸주파수변화제동등,14,1.233,0.0,0.0
26,C점멸주파수변화제동등,15,1.777,0.0,1.007
26,C점멸주파수변화제동등,16,1.511,0.0,0.428
26,C점멸주파수변화제동등,17,1.798,0.10363,0.677
26,C점멸주파수변화제동등,18,1.091,0.2373,0.0
26,C점멸주파수변화제동등,19,1.768,0.08145,0.792
26,C점멸주파수변화제동등,20,3.051,0.24001,0.986
26,C점멸주파수변화제동등,21,1.784,0.08184,0.573
26,D면적변화제동등,1,1.773,0.01625,0.613
26,D면적변화제동등,2,1.357,0.10137,0.463
26,D면적변화제동등,3,1.939,0.08299,0.246
26,D면적변화제동등,4,1.779,0.09677,0.519
26,D면적변화제동등,5,0.986,0.02037,0.422
26,D면적변화제동등,6,2.778,0.0,1.033
26,D면적변화제동등,7,1.913,0.0,0.0
26,D면적변화제동등,8,1.2,0.0,0.0
26,D면적변화제동등,9,1.225,0.01567,0.195
26,D면적변화제동등,10,2.354,0.0,0.0
26,D면적변화제동등,11,0.881,0.0,0.0
26,D면적변화제동등,12,3.28,0.09781,0.128
26,D면적변화제동등,13,2.206,0.06481,0.183
26,D면적변화제동등,14,1.918,0.11409,0.827
26,D면적변화제동등,15,2.833,0.0,0.839
26,D면적변화제동등,16,1.772,0.05267,0.346
26,D면적변화제동등,17,1.214,0.0841,0.549
26,D면적변화제동등,18,2.334,0.0,0.577
26,D면적변화제동등,19,1.499,0.2302,0.038
26,D면적변화제동등,20,1.234,0.0,0.0
26,D면적변화제동등,21,1.953,0.0,0.0
26,D면적변화제동등,22,1.77,0.0,1.001
26,D면적변화제동등,23,1.342,0.0,0.0
27,A기본제동등,1,1.766,0.0,0.348
27,A기본제동등,2,1.8,0.0,0.884
27,A기본제동등,3,1.361,0.0,0.364
27,A기본제동등,4,1.202,0.0,0.0
27,A기본제동등,5,1.252,0.0,0.0
27,A기본제동등,6,1.216,0.0,0.223
27,A기본제동등,7,0.97,0.0,0.0
27,A기본제동등,8,1.508,0.0,0.732
27,A기본제동등,9,1.212,0.0,0.41
27,A기본제동등,10,1.939,0.0,0.0
27,A기본제동등,11,2.362,0.02448,0.519
27,A기본제동등,12,1.8,0.0,0.164
27,A기본제동등,13,1.01,0.0,0.643
27,A기본제동등,14,1.258,0.0,0.32
27,A기본제동등,15,2.324,0.0,0.0
27,A기본제동등,16,2.358,0.0,0.649
27,A기본제동등,17,1.575,0.00921,0.832
27,A기본제동등,18,3.31,0.0,1.005
27,A기본제동등,19,2.768,0.0,2.601
27,A기본제동등,20,1.785,0.0,0.953
27,A기본제동등,21,1.752,0.0,0.464
27,A기본제동등,22,1.39,0.0,0.0
27,A기본제동등,23,1.158,0.0,0.212
27,A기본제동등,24,1.26,0.0,0.0
27,A기본제동등,25,1.923,0.0,0.368
27,A기본제동등,26,1.796,0.0,0.372
27,B밝기변화제동등,1,0.944,0.20442,0.0
27,B밝기변화제동등,2,1.214,0.0,0.387
27,B밝기변화제동등,3,2.472,0.0,0.938
27,B밝기변화제동등,4,2.814,0.0,2.366
27,B밝기변화제동등,5,1.771,0.0,0.874
27,B밝기변화제동등,6,1.78,0.0,0.0
27,B밝기변화제동등,7,1.363,0.0,0.543
27,B밝기변화제동등,8,1.789,0.0,0.0
27,B밝기변화제동등,9,1.351,0.0,0.786
27,B밝기변화제동등,10,1.779,0.0,0.0
27,B밝기변화제동등,11,1.367,0.0,0.876
27,B밝기변화제동등,12,2.764,0.0,1.282
27,B밝기변화제동등,13,1.928,0.0,0.282
27,B밝기변화제동등,14,3.254,0.0,0.666
27,B밝기변화제동등,15,1.776,0.0,0.0
27,B밝기변화제동등,16,2.46,0.0,0.643
27,B밝기변화제동등,17,1.922,0.0,0.792
27,B밝기변화제동등,18,1.773,0.0,1.303
27,B밝기변화제동등,19,0.944,0.0,0.55
27,B밝기변화제동등,20,1.227,0.0,0.445
27,B밝기변화제동등,21,2.479,0.06789,0.448
27,B밝기변화제동등,22,1.365,0.0,0.315
27,B밝기변화제동등,23,1.353,0.0,0.524
27,B밝기변화제동등,24,1.805,0.0,0.519
27,C점멸주파수변화제동등,1,1.215,0.0,0.258
27,C점멸주파수변화제동등,2,1.813,0.0,1.36
27,C점멸주파수변화제동등,3,1.227,0.0,0.0
27,C점멸주파수변화제동등,4,1.25,0.0,0.639
27,C점멸주파수변화제동등,5,1.799,0.0,1.119
27,C점멸주파수변화제동등,6,1.39,0.0,0.85
27,C점멸주파수변화제동등,7,2.767,0.0,0.0
27,C점멸주파수변화제동등,8,1.903,0.0,0.0
27,C점멸주파수변화제동등,9,2.356,0.0,0.0
27,C점멸주파수변화제동등,10,3.294,0.0,0.0
27,C점멸주파수변화제동등,11,1.777,0.0,0.796
27,C점멸주파수변화제동등,12,0.902,0.0,0.469
27,C점멸주파수변화제동등,13,1.23,0.0,0.354
27,C점멸주파수변화제동등,14,2.333,0.04245,0.434
27,C점멸주파수변화제동등,15,1.801,0.0,0.0
27,C점멸주파수변화제동등,16,1.777,0.0,0.0
27,C점멸주파수변화제동등,17,1.367,0.0,1.292
27,C점멸주파수변화제동등,18,1.518,0.13027,0.273
27,C점멸주파수변화제동등,19,1.348,0.0,0.549
27,C점멸주파수변화제동등,20,1.814,0.06077,0.286
27,C점멸주파수변화제동등,21,1.758,0.0,0.499
27,C점멸주파수변화제동등,22,2.019,0.08817,0.328
27,C점멸주파수변화제동등,23,2.477,0.0,0.485
27,C점멸주파수변화제동등,24,1.925,0.0,0.467
27,D면적변화제동등,1,2.739,0.0,0.391
27,D면적변화제동등,2,1.796,0.0,0.0
27,D면적변화제동등,3,2.466,0.0,0.519
27,D면적변화제동등,4,1.945,0.0,0.404
27,D면적변화제동등,5,1.802,0.0,0.0
27,D면적변화제동등,6,1.382,0.0,1.308
27,D면적변화제동등,7,1.528,0.08817,0.251
27,D면적변화제동등,8,1.735,0.0,0.0
27,D면적변화제동등,9,1.36,0.0,0.627
27,D면적변화제동등,10,1.794,0.0,0.522
27,D면적변화제동등,11,1.212,0.0,0.478
27,D면적변화제동등,12,1.386,0.0,0.638
27,D면적변화제동등,13,2.874,0.0,0.0
27,D면적변화제동등,14,3.282,0.0,0.64
27,D면적변화제동등,15,1.235,0.0,0.466
27,D면적변화제동등,16,2.306,0.0,0.477
27,D면적변화제동등,17,2.951,0.0,0.897
27,D면적변화제동등,18,1.519,0.0,0.718
27,D면적변화제동등,19,1.809,0.0,0.0
27,D면적변화제동등,20,2.342,0.07033,0.744
27,D면적변화제동등,21,1.247,0.0,0.0
27,D면적변화제동등,22,1.929,0.0,0.438
27,D면적변화제동등,23,1.784,0.0,0.834
28,A기본제동등,1,1.763,0.0,0.934
28,A기본제동등,2,1.472,0.0,1.136
28,A기본제동등,3,1.219,0.0,1.178
28,A기본제동등,4,1.773,0.0,1.313
28,A기본제동등,5,1.78,0.0,0.0
28,A기본제동등,6,1.208,0.0,0.223
28,A기본제동등,7,1.458,0.0,0.636
28,A기본제동등,8,2.33,0.0,0.0
28,A기본제동등,9,1.94,0.0,1.558
28,A기본제동등,10,1.796,0.0,0.589
28,A기본제동등,11,1.366,0.0,0.0
28,A기본제동등,12,0.974,0.0,0.0
28,A기본제동등,13,2.618,0.0,0.0
28,A기본제동등,14,3.301,0.0,1.487
28,A기본제동등,15,2.141,0.0,0.0
28,A기본제동등,16,2.546,0.0,0.0
28,A기본제동등,17,1.218,0.0,1.105
28,A기본제동등,18,1.767,0.0,0.0
28,A기본제동등,19,1.236,0.00275,0.813
28,A기본제동등,20,2.486,0.0,0.177
28,A기본제동등,21,2.827,0.0,0.969
28,A기본제동등,22,2.49,0.0,0.266
28,B밝기변화제동등,1,1.053,0.0,0.671
28,B밝기변화제동등,2,2.468,0.00326,0.231
28,B밝기변화제동등,3,1.786,0.0,0.268
28,B밝기변화제동등,4,1.206,0.0,0.08
28,B밝기변화제동등,5,1.79,0.0,0.957
28,B밝기변화제동등,6,2.369,0.0,1.372
28,B밝기변화제동등,7,3.118,0.0,1.525
28,B밝기변화제동등,8,1.237,0.0,0.0
28,B밝기변화제동등,9,2.338,0.0,1.722
28,B밝기변화제동등,10,2.326,0.0109,0.466
28,B밝기변화제동등,11,1.922,0.00165,1.607
28,B밝기변화제동등,12,1.795,0.0,0.476
28,B밝기변화제동등,13,1.805,0.0,0.0
28,B밝기변화제동등,14,2.227,0.04387,0.641
28,B밝기변화제동등,15,1.225,0.0,0.39
28,B밝기변화제동등,16,0.966,0.0,0.0
28,B밝기변화제동등,17,1.224,0.00987,0.31
28,B밝기변화제동등,18,1.802,0.0,0.308
28,B밝기변화제동등,19,1.359,0.0,0.932
28,B밝기변화제동등,20,2.755,0.0,0.585
28,B밝기변화제동등,21,1.947,0.0,0.39
28,B밝기변화제동등,22,1.368,0.0,0.0
28,B밝기변화제동등,23,1.781,0.0,1.743
28,C점멸주파수변화제동등,1,1.759,0.0,0.575
28,C점멸주파수변화제동등,2,1.224,0.0,1.185
28,C점멸주파수변화제동등,3,1.95,0.0,0.488
28,C점멸주파수변화제동등,4,2.227,0.00282,0.467
28,C점멸주파수변화제동등,5,2.339,0.00633,0.608
28,C점멸주파수변화제동등,6,1.774,0.0,0.747
28,C점멸주파수변화제동등,7,0.957,0.0,0.441
28,C점멸주파수변화제동등,8,1.521,0.0,1.296
28,C점멸주파수변화제동등,9,1.774,0.0,0.302
28,C점멸주파수변화제동등,10,1.352,0.0,0.352
28,C점멸주파수변화제동등,11,1.24,0.0,0.0
28,C점멸주파수변화제동등,12,1.378,0.0,0.942
28,C점멸주파수변화제동등,13,2.341,0.0,1.264
28,C점멸주파수변화제동등,14,0.925,0.0,0.324
28,C점멸주파수변화제동등,15,3.306,0.0,1.538
28,C점멸주파수변화제동등,16,1.784,0.0,0.849
28,C점멸주파수변화제동등,17,1.763,0.0,1.331
28,C점멸주파수변화제동등,18,1.78,0.0,0.776
28,C점멸주파수변화제동등,19,1.369,0.0,0.467
28,C점멸주파수변화제동등,20,2.78,0.0,0.0
28,C점멸주파수변화제동등,21,1.775,0.0,0.0
28,C점멸주파수변화제동등,22,1.236,0.0,0.938
28,D면적변화제동등,1,0.827,0.0,0.549
28,D면적변화제동등,2,1.243,0.0,1.087
28,D면적변화제동등,3,2.361,0.0,0.58
28,D면적변화제동등,4,1.779,0.0,0.0
28,D면적변화제동등,5,1.388,0.0,0.397
28,D면적변화제동등,6,0.909,0.0064,0.0
28,D면적변화제동등,7,1.809,0.0,0.0
28,D면적변화제동등,8,2.378,0.0,0.0
28,D면적변화제동등,9,3.474,0.0,0.849
28,D면적변화제동등,10,1.399,0.0,0.0
28,D면적변화제동등,11,2.762,0.0,0.0
28,D면적변화제동등,12,1.901,0.0,0.0
28,D면적변화제동등,13,1.767,0.0,0.576
28,D면적변화제동등,14,1.38,0.0,0.108
28,D면적변화제동등,15,1.801,0.0,1.533
28,D면적변화제동등,16,1.788,0.0,0.157
28,D면적변화제동등,17,1.213,0.0,0.0
28,D면적변화제동등,18,1.224,0.0,1.063
28,D면적변화제동등,19,1.237,0.0,0.0
28,D면적변화제동등,20,1.944,0.0,0.0
28,D면적변화제동등,21,1.016,0.0,0.0
28,D면적변화제동등,22,2.31,0.0,0.962
28,D면적변화제동등,23,1.777,0.0,0.634
29,A기본제동등,1,1.226,0.0,0.272
29,A기본제동등,2,1.209,0.00268,0.352
29,A기본제동등,3,1.767,0.0,0.0
29,A기본제동등,4,1.468,0.0,0.455
29,A기본제동등,5,1.192,0.00205,0.678
29,A기본제동등,6,2.357,0.11954,0.187
29,A기본제동등,7,0.803,0.0,0.691
29,A기본제동등,8,3.385,0.02821,0.934
29,A기본제동등,9,1.792,0.13633,0.166
29,A기본제동등,10,1.215,0.00057,0.083
29,A기본제동등,11,1.779,0.0,0.339
29,A기본제동등,12,2.936,0.0,2.295
29,A기본제동등,13,2.757,0.0,0.0
29,A기본제동등,14,1.776,0.01057,0.378
29,A기본제동등,15,3.07,0.0,2.267
29,A기본제동등,16,1.788,0.0,0.708
29,A기본제동등,17,2.865,0.0,1.364
29,A기본제동등,18,1.468,0.15925,0.191
29,A기본제동등,19,1.796,0.0,0.0
29,A기본제동등,20,1.4,0.0,0.713
29,A기본제동등,21,1.122,0.0,0.983
29,A기본제동등,22,1.384,0.21962,0.0
29,A기본제동등,23,1.546,0.0,0.728
29,A기본제동등,24,0.957,0.40906,0.106
29,A기본제동등,25,1.802,0.0,0.294
29,B밝기변화제동등,1,1.751,0.0,0.04
29,B밝기변화제동등,2,1.212,0.0,0.426
29,B밝기변화제동등,3,1.769,0.0,0.673
29,B밝기변화제동등,4,2.967,0.0,1.682
29,B밝기변화제동등,5,1.232,0.0,0.0
29,B밝기변화제동등,6,2.463,0.0,0.0
29,B밝기변화제동등,7,2.793,0.0,1.672
29,B밝기변화제동등,8,2.739,0.0,0.483
29,B밝기변화제동등,9,1.769,0.0,1.687
29,B밝기변화제동등,10,2.872,0.0,1.664
29,B밝기변화제동등,11,1.762,0.0,0.695
29,B밝기변화제동등,12,0.966,0.26789,0.041
29,B밝기변화제동등,13,1.771,0.0,0.0
29,B밝기변화제동등,14,1.775,0.0,0.562
29,B밝기변화제동등,15,1.358,0.0,0.531
29,B밝기변화제동등,16,1.781,0.0,0.083
29,B밝기변화제동등,17,1.463,0.0,0.0
29,B밝기변화제동등,18,2.222,0.0,1.598
29,B밝기변화제동등,19,1.899,0.21813,0.491
29,B밝기변화제동등,20,3.422,0.0,1.851
29,B밝기변화제동등,21,1.232,0.00377,0.49
29,C점멸주파수변화제동등,1,1.789,0.0,0.32
29,C점멸주파수변화제동등,2,1.43,0.0,0.954
29,C점멸주파수변화제동등,3,2.46,0.0,0.492
29,C점멸주파수변화제동등,4,1.915,0.0,0.388
29,C점멸주파수변화제동등,5,1.797,0.0,0.264
29,C점멸주파수변화제동등,6,1.369,0.0,0.418
29,C점멸주파수변화제동등,7,0.86,0.0,0.626
29,C점멸주파수변화제동등,8,1.559,0.24467,0.383
29,C점멸주파수변화제동등,9,1.772,0.0,0.511
29,C점멸주파수변화제동등,10,2.737,0.0,0.361
29,C점멸주파수변화제동등,11,1.795,0.0,0.501
29,C점멸주파수변화제동등,12,3.065,0.0,2.262
29,C점멸주파수변화제동등,13,1.22,0.0,0.327
29,C점멸주파수변화제동등,14,1.772,0.0,0.0
29,C점멸주파수변화제동등,15,2.955,0.0,2.381
29,C점멸주파수변화제동등,16,2.34,0.0077,1.552
29,C점멸주파수변화제동등,17,2.263,0.07403,0.928
29,C점멸주파수변화제동등,18,3.324,0.0,0.322
29,C점멸주파수변화제동등,19,1.24,0.0,0.286
29,C점멸주파수변화제동등,20,2.316,0.0,0.0
29,C점멸주파수변화제동등,21,2.814,0.0,1.71
29,C점멸주파수변화제동등,22,1.217,0.0,0.288
29,C점멸주파수변화제동등,23,1.204,0.0,0.0
29,C점멸주파수변화제동등,24,1.235,0.0,0.0
29,D면적변화제동등,1,1.767,0.0,0.238
29,D면적변화제동등,2,1.213,0.0,0.351
29,D면적변화제동등,3,1.21,0.0,0.595
29,D면적변화제동등,4,2.466,0.11059,0.595
29,D면적변화제동등,5,1.93,0.0,0.344
29,D면적변화제동등,6,1.779,0.0,0.265
29,D면적변화제동등,7,1.122,0.00125,0.637
29,D면적변화제동등,8,1.356,0.0,0.083
29,D면적변화제동등,9,2.354,0.0,0.379
29,D면적변화제동등,10,3.406,0.0,0.974
29,D면적변화제동등,11,1.801,0.0,0.435
29,D면적변화제동등,12,2.871,0.0,1.09
29,D면적변화제동등,13,1.25,0.0,0.0
29,D면적변화제동등,14,0.838,0.34013,0.119
29,D면적변화제동등,15,2.75,0.0,0.357
29,D면적변화제동등,16,1.782,0.0,1.125
29,D면적변화제동등,17,3.051,0.0,2.025
29,D면적변화제동등,18,1.774,0.0,0.178
29,D면적변화제동등,19,1.376,0.32447,0.0
29,D면적변화제동등,20,1.242,0.0,0.362
29,D면적변화제동등,21,2.481,0.0,0.61
29,D면적변화제동등,22,2.824,0.0,1.005
30,A기본제동등,1,1.056,0.0,0.0
30,A기본제동등,2,1.804,0.0,0.0
30,A기본제동등,3,1.784,0.0,0.727
30,A기본제동등,4,2.362,0.0,1.346
30,A기본제동등,5,3.51,0.0,0.45
30,A기본제동등,6,1.522,0.0,0.0
30,A기본제동등,7,1.766,0.0,0.224
30,A기본제동등,8,1.387,0.0,0.382
30,A기본제동등,9,1.244,0.0,1.087
30,A기본제동등,10,2.195,0.0,1.561
30,A기본제동등,11,1.776,0.0,0.443
30,A기본제동등,12,1.238,0.0,0.64
30,A기본제동등,13,2.311,0.03816,0.611
30,A기본제동등,14,2.747,0.0,0.485
30,A기본제동등,15,1.91,0.0,1.32
30,A기본제동등,16,1.251,0.0,0.567
30,A기본제동등,17,1.95,0.0,0.0
30,A기본제동등,18,1.21,0.0,0.428
30,A기본제동등,19,1.214,0.0,0.307
30,A기본제동등,20,1.787,0.0,0.0
30,A기본제동등,21,1.022,0.05285,0.0
30,B밝기변화제동등,1,0.858,0.0,0.225
30,B밝기변화제동등,2,1.359,0.0,0.0
30,B밝기변화제동등,3,1.782,0.0,0.0
30,B밝기변화제동등,4,1.394,0.0,0.0
30,B밝기변화제동등,5,1.394,0.0,0.829
30,B밝기변화제동등,6,1.924,0.0,0.0
30,B밝기변화제동등,7,1.421,0.0,0.0
30,B밝기변화제동등,8,1.454,0.0,0.0
30,B밝기변화제동등,9,1.92,0.0,0.679
30,B밝기변화제동등,10,1.793,0.0,0.311
30,B밝기변화제동등,11,1.337,0.0,0.0
30,B밝기변화제동등,12,2.336,0.04137,1.377
30,B밝기변화제동등,13,1.802,0.0,0.0
30,B밝기변화제동등,14,1.358,0.0,0.0
30,B밝기변화제동등,15,2.353,0.0,0.966
30,B밝기변화제동등,16,1.777,0.0,1.078
30,B밝기변화제동등,17,1.374,0.0,0.636
30,B밝기변화제동등,18,2.769,0.0,0.677
30,B밝기변화제동등,19,1.92,0.0,0.924
30,B밝기변화제동등,20,2.358,0.0,0.838
30,B밝기변화제동등,21,3.485,0.0,1.082
30,B밝기변화제동등,22,1.777,0.0,0.0
30,B밝기변화제동등,23,2.161,0.09135,0.328
30,C점멸주파수변화제동등,1,1.107,0.0,0.675
30,C점멸주파수변화제동등,2,1.796,0.0,0.281
30,C점멸주파수변화제동등,3,1.766,0.0,0.0
30,C점멸주파수변화제동등,4,2.656,0.08431,0.885
30,C점멸주파수변화제동등,5,1.763,0.0,1.308
30,C점멸주파수변화제동등,6,1.893,0.17251,0.036
30,C점멸주파수변화제동등,7,1.769,0.0,0.331
30,C점멸주파수변화제동등,8,1.377,0.0,0.925
30,C점멸주파수변화제동등,9,1.361,0.0,0.2
30,C점멸주파수변화제동등,10,1.783,0.0,0.0
30,C점멸주파수변화제동등,11,1.384,0.0,0.433
30,C점멸주파수변화제동등,12,1.231,0.0,0.0
30,C점멸주파수변화제동등,13,1.411,0.0,1.308
30,C점멸주파수변화제동등,14,3.094,0.0,2.641
30,C점멸주파수변화제동등,15,2.357,0.04823,0.559
30,C점멸주파수변화제동등,16,1.231,0.0,0.542
30,C점멸주파수변화제동등,17,2.32,0.0,0.386
30,C점멸주파수변화제동등,18,2.773,0.0,2.186
30,C점멸주파수변화제동등,19,1.927,0.0,1.115
30,C점멸주파수변화제동등,20,1.212,0.0,0.545
30,C점멸주파수변화제동등,21,1.937,0.0,1.142
30,C점멸주파수변화제동등,22,2.385,0.0,0.0
30,C점멸주파수변화제동등,23,1.341,0.00251,0.288
30,C점멸주파수변화제동등,24,3.461,0.0,1.264
30,C점멸주파수변화제동등,25,2.202,0.05062,0.582
30,D면적변화제동등,1,1.206,0.0,0.524
30,D면적변화제동등,2,1.34,0.07158,0.957
30,D면적변화제동등,3,1.804,0.0,0.0
30,D면적변화제동등,4,1.178,0.0,0.438
30,D면적변화제동등,5,1.946,0.0,0.0
30,D면적변화제동등,6,1.78,0.0,1.562
30,D면적변화제동등,7,1.344,0.0,0.0
30,D면적변화제동등,8,1.887,0.07427,0.189
30,D면적변화제동등,9,1.922,0.0,0.799
30,D면적변화제동등,10,2.472,0.0,0.723
30,D면적변화제동등,11,1.749,0.0,0.27
30,D면적변화제동등,12,2.771,0.0,0.744
30,D면적변화제동등,13,1.749,0.0,0.0
30,D면적변화제동등,14,1.236,0.0,0.565
30,D면적변화제동등,15,2.34,0.0,1.851
30,D면적변화제동등,16,2.351,0.0,0.511
30,D면적변화제동등,17,3.441,0.0,3.364
30,D면적변화제동등,18,1.347,0.0,0.235
30,D면적변화제동등,19,1.803,0.0,0.0
30,D면적변화제동등,20,1.371,0.0,0.465
30,D면적변화제동등,21,2.992,0.22254,0.075
30,D면적변화제동등,22,1.8,0.0,0.0
30,D면적변화제동등,23,1.352,0.0,1.018
